nurse_node,nurse_id,shift_node,date,shift,ward,start_time,end_time,duration_hours,gat_score,week,fortnight
0,N018,40,2025-09-08,Flex1,A,07:00,11:00,4,0.9974482,37,0
0,N018,41,2025-09-09,Flex3,C,09:00,15:00,6,0.9974482,37,0
0,N018,54,2025-09-22,Night,ICU,20:00,08:00,12,0.9974482,39,1
0,N018,106,2025-09-18,Flex1,A,07:00,11:00,4,0.9974482,38,0
0,N018,107,2025-09-19,Night,B,20:00,08:00,12,0.9974482,38,0
0,N018,108,2025-09-20,Flex5,C,07:00,15:00,8,0.9974482,38,0
0,N018,109,2025-09-21,Flex6,B,07:00,19:00,12,0.9974482,38,0
0,N018,120,2025-10-04,Flex5,B,07:00,15:00,8,0.9974482,40,1
0,N018,121,2025-10-05,Flex1,C,07:00,11:00,4,0.9974482,40,1
0,N018,126,2025-09-14,AM,C,07:00,15:00,8,0.9974482,37,0
0,N018,129,2025-09-17,Flex1,B,07:00,11:00,4,0.9974482,38,0
0,N018,141,2025-09-30,Flex6,B,07:00,19:00,12,0.9974482,40,1
0,N018,154,2025-09-17,Flex1,C,07:00,11:00,4,0.9974482,38,0
0,N018,155,2025-09-18,Flex6,C,07:00,19:00,12,0.9974482,38,0
0,N018,163,2025-09-26,Night,ICU,20:00,08:00,12,0.9974482,39,1
0,N018,166,2025-09-29,Flex2,C,10:00,15:00,5,0.9974482,40,1
0,N018,170,2025-10-03,Flex6,C,07:00,19:00,12,0.9974482,40,1
0,N018,176,2025-09-13,Night,C,20:00,08:00,12,0.9974482,37,0
0,N018,179,2025-09-16,Flex2,C,10:00,15:00,5,0.9974482,38,0
0,N018,180,2025-09-18,Night,C,20:00,08:00,12,0.9974482,38,0
0,N018,189,2025-09-29,PM,C,15:00,23:00,8,0.9974482,40,1
0,N018,195,2025-10-05,Flex2,C,10:00,15:00,5,0.9974482,40,1
0,N018,212,2025-09-24,Night,A,20:00,08:00,12,0.9974482,39,1
0,N018,213,2025-09-26,Flex5,C,07:00,15:00,8,0.9974482,39,1
0,N018,237,2025-09-29,Flex4,ICU,12:00,19:00,7,0.9974482,40,1
0,N018,238,2025-09-30,Flex6,A,07:00,19:00,12,0.9974482,40,1
0,N018,239,2025-10-01,Flex3,B,09:00,15:00,6,0.9974482,40,1
0,N018,240,2025-10-02,PM,B,15:00,23:00,8,0.9974482,40,1
0,N018,309,2025-09-13,Flex2,B,10:00,15:00,5,0.9974482,37,0
0,N018,310,2025-09-15,Flex1,C,07:00,11:00,4,0.9974482,38,0
0,N018,333,2025-09-19,Flex4,A,12:00,19:00,7,0.9974482,38,0
0,N018,352,2025-09-18,Flex1,C,07:00,11:00,4,0.9974482,38,0
0,N018,353,2025-09-22,Flex1,C,07:00,11:00,4,0.9974482,39,1
0,N018,376,2025-09-30,AM,C,07:00,15:00,8,0.9974482,40,1
0,N018,378,2025-10-02,PM,C,15:00,23:00,8,0.9974482,40,1
0,N018,379,2025-10-04,Flex3,C,09:00,15:00,6,0.9974482,40,1
0,N018,403,2025-09-17,Flex2,A,10:00,15:00,5,0.9974482,38,0
0,N018,404,2025-09-21,Flex3,C,09:00,15:00,6,0.9974482,38,0
0,N018,418,2025-09-11,Flex4,ICU,12:00,19:00,7,0.9974482,37,0
0,N018,419,2025-09-14,Flex5,B,07:00,15:00,8,0.9974482,37,0
0,N018,462,2025-09-27,Night,B,20:00,08:00,12,0.9974482,39,1
0,N018,518,2025-10-03,Flex2,C,10:00,15:00,5,0.9974482,40,1
0,N018,520,2025-10-05,Flex5,C,07:00,15:00,8,0.9974482,40,1
0,N018,522,2025-09-13,Flex5,C,07:00,15:00,8,0.9974482,37,0
0,N018,561,2025-09-30,Flex1,C,07:00,11:00,4,0.9974482,40,1
0,N018,633,2025-09-28,PM,C,15:00,23:00,8,0.9974482,39,1
0,N018,634,2025-10-03,Flex6,B,07:00,19:00,12,0.9974482,40,1
0,N018,681,2025-09-11,Flex5,C,07:00,15:00,8,0.9974482,37,0
0,N018,683,2025-09-19,Night,C,20:00,08:00,12,0.9974482,38,0
0,N018,720,2025-09-22,Flex6,C,07:00,19:00,12,0.9974482,39,1
1,N035,41,2025-09-09,Flex3,C,09:00,15:00,6,0.9974482,37,0
1,N035,42,2025-09-10,Flex2,C,10:00,15:00,5,0.9974482,37,0
1,N035,55,2025-09-23,PM,ICU,15:00,23:00,8,0.9974482,39,1
1,N035,56,2025-09-24,Flex1,ICU,07:00,11:00,4,0.9974482,39,1
1,N035,122,2025-09-08,Flex2,B,10:00,15:00,5,0.9974482,37,0
1,N035,144,2025-10-03,AM,ICU,07:00,15:00,8,0.9974482,40,1
1,N035,146,2025-09-08,Flex1,B,07:00,11:00,4,0.9974482,37,0
1,N035,147,2025-09-09,AM,B,07:00,15:00,8,0.9974482,37,0
1,N035,201,2025-09-13,Flex3,B,09:00,15:00,6,0.9974482,37,0
1,N035,229,2025-09-20,Flex3,A,09:00,15:00,6,0.9974482,38,0
1,N035,286,2025-10-05,PM,C,15:00,23:00,8,0.9974482,40,1
1,N035,314,2025-09-21,Flex2,ICU,10:00,15:00,5,0.9974482,38,0
1,N035,377,2025-10-01,Flex4,A,12:00,19:00,7,0.9974482,40,1
1,N035,378,2025-10-02,PM,C,15:00,23:00,8,0.9974482,40,1
1,N035,379,2025-10-04,Flex3,C,09:00,15:00,6,0.9974482,40,1
1,N035,401,2025-09-14,Flex2,B,10:00,15:00,5,0.9974482,37,0
1,N035,434,2025-09-09,Flex6,B,07:00,19:00,12,0.9974482,37,0
1,N035,435,2025-09-10,Night,C,20:00,08:00,12,0.9974482,37,0
1,N035,496,2025-09-24,PM,C,15:00,23:00,8,0.9974482,39,1
1,N035,535,2025-09-09,Flex2,C,10:00,15:00,5,0.9974482,37,0
1,N035,605,2025-09-27,Flex5,C,07:00,15:00,8,0.9974482,39,1
1,N035,640,2025-09-20,Flex6,A,07:00,19:00,12,0.9974482,38,0
1,N035,642,2025-09-23,Flex2,C,10:00,15:00,5,0.9974482,39,1
1,N035,645,2025-09-30,Flex6,C,07:00,19:00,12,0.9974482,40,1
2,N003,41,2025-09-09,Flex3,C,09:00,15:00,6,0.9974482,37,0
2,N003,42,2025-09-10,Flex2,C,10:00,15:00,5,0.9974482,37,0
2,N003,57,2025-09-25,PM,A,15:00,23:00,8,0.9974482,39,1
2,N003,58,2025-09-26,Flex1,ICU,07:00,11:00,4,0.9974482,39,1
2,N003,123,2025-09-09,PM,ICU,15:00,23:00,8,0.9974482,37,0
2,N003,148,2025-09-10,Night,ICU,20:00,08:00,12,0.9974482,37,0
2,N003,244,2025-09-10,Flex6,C,07:00,19:00,12,0.9974482,37,0
2,N003,270,2025-09-13,Flex5,A,07:00,15:00,8,0.9974482,37,0
2,N003,271,2025-09-14,Flex6,ICU,07:00,19:00,12,0.9974482,37,0
2,N003,356,2025-09-25,AM,B,07:00,15:00,8,0.9974482,39,1
2,N003,357,2025-09-26,AM,C,07:00,15:00,8,0.9974482,39,1
2,N003,383,2025-09-13,Flex1,C,07:00,11:00,4,0.9974482,37,0
2,N003,384,2025-09-14,Night,A,20:00,08:00,12,0.9974482,37,0
2,N003,475,2025-09-17,Flex4,B,12:00,19:00,7,0.9974482,38,0
2,N003,476,2025-09-20,Night,C,20:00,08:00,12,0.9974482,38,0
2,N003,605,2025-09-27,Flex5,C,07:00,15:00,8,0.9974482,39,1
2,N003,705,2025-09-12,PM,ICU,15:00,23:00,8,0.9974482,37,0
2,N003,706,2025-09-15,Flex4,C,12:00,19:00,7,0.9974482,38,0
2,N003,707,2025-09-16,PM,B,15:00,23:00,8,0.9974482,38,0
2,N003,708,2025-09-19,Flex2,B,10:00,15:00,5,0.9974482,38,0
2,N003,710,2025-09-23,Flex1,C,07:00,11:00,4,0.9974482,39,1
3,N007,41,2025-09-09,Flex3,C,09:00,15:00,6,0.9974482,37,0
3,N007,42,2025-09-10,Flex2,C,10:00,15:00,5,0.9974482,37,0
3,N007,59,2025-09-27,PM,ICU,15:00,23:00,8,0.9974482,39,1
3,N007,60,2025-09-28,Flex2,C,10:00,15:00,5,0.9974482,39,1
3,N007,181,2025-09-19,Flex2,ICU,10:00,15:00,5,0.9974482,38,0
3,N007,355,2025-09-24,Flex1,B,07:00,11:00,4,0.9974482,39,1
3,N007,356,2025-09-25,AM,B,07:00,15:00,8,0.9974482,39,1
3,N007,563,2025-10-03,PM,C,15:00,23:00,8,0.9974482,40,1
4,N031,42,2025-09-10,Flex2,C,10:00,15:00,5,0.9974482,37,0
4,N031,43,2025-09-11,PM,ICU,15:00,23:00,8,0.9974482,37,0
4,N031,60,2025-09-28,Flex2,C,10:00,15:00,5,0.9974482,39,1
4,N031,61,2025-09-29,Flex3,B,09:00,15:00,6,0.9974482,40,1
4,N031,139,2025-09-28,Flex2,A,10:00,15:00,5,0.9974482,39,1
4,N031,140,2025-09-29,Flex5,A,07:00,15:00,8,0.9974482,40,1
4,N031,182,2025-09-20,Flex5,A,07:00,15:00,8,0.9974482,38,0
4,N031,221,2025-09-09,Flex1,C,07:00,11:00,4,0.9974482,37,0
4,N031,222,2025-09-10,Night,B,20:00,08:00,12,0.9974482,37,0
4,N031,329,2025-09-12,AM,ICU,07:00,15:00,8,0.9974482,37,0
4,N031,330,2025-09-15,AM,C,07:00,15:00,8,0.9974482,38,0
4,N031,331,2025-09-16,Flex6,B,07:00,19:00,12,0.9974482,38,0
4,N031,370,2025-09-22,Flex3,B,09:00,15:00,6,0.9974482,39,1
4,N031,371,2025-09-23,Flex4,B,12:00,19:00,7,0.9974482,39,1
4,N031,373,2025-09-27,Flex1,B,07:00,11:00,4,0.9974482,39,1
4,N031,375,2025-09-29,Flex6,C,07:00,19:00,12,0.9974482,40,1
4,N031,416,2025-10-05,Night,B,20:00,08:00,12,0.9974482,40,1
4,N031,422,2025-09-17,Flex6,C,07:00,19:00,12,0.9974482,38,0
4,N031,423,2025-09-18,Night,B,20:00,08:00,12,0.9974482,38,0
4,N031,425,2025-09-21,Flex1,C,07:00,11:00,4,0.9974482,38,0
4,N031,426,2025-09-22,Flex2,B,10:00,15:00,5,0.9974482,39,1
4,N031,428,2025-09-25,Night,ICU,20:00,08:00,12,0.9974482,39,1
4,N031,429,2025-09-26,Flex1,B,07:00,11:00,4,0.9974482,39,1
4,N031,430,2025-09-27,Flex4,A,12:00,19:00,7,0.9974482,39,1
4,N031,431,2025-10-02,Flex5,B,07:00,15:00,8,0.9974482,40,1
4,N031,432,2025-10-03,AM,C,07:00,15:00,8,0.9974482,40,1
4,N031,433,2025-10-04,Flex4,ICU,12:00,19:00,7,0.9974482,40,1
4,N031,434,2025-09-09,Flex6,B,07:00,19:00,12,0.9974482,37,0
4,N031,435,2025-09-10,Night,C,20:00,08:00,12,0.9974482,37,0
4,N031,436,2025-09-12,AM,A,07:00,15:00,8,0.9974482,37,0
4,N031,437,2025-09-15,Night,A,20:00,08:00,12,0.9974482,38,0
4,N031,438,2025-09-18,Flex3,B,09:00,15:00,6,0.9974482,38,0
4,N031,439,2025-09-19,AM,B,07:00,15:00,8,0.9974482,38,0
4,N031,440,2025-09-21,Flex1,ICU,07:00,11:00,4,0.9974482,38,0
4,N031,441,2025-09-22,Flex6,A,07:00,19:00,12,0.9974482,39,1
4,N031,442,2025-09-25,Flex4,ICU,12:00,19:00,7,0.9974482,39,1
4,N031,443,2025-09-26,PM,B,15:00,23:00,8,0.9974482,39,1
4,N031,444,2025-09-27,Flex4,ICU,12:00,19:00,7,0.9974482,39,1
4,N031,445,2025-09-29,Flex2,B,10:00,15:00,5,0.9974482,40,1
4,N031,446,2025-09-30,Flex2,C,10:00,15:00,5,0.9974482,40,1
4,N031,447,2025-10-02,AM,B,07:00,15:00,8,0.9974482,40,1
4,N031,448,2025-10-03,Flex5,C,07:00,15:00,8,0.9974482,40,1
4,N031,449,2025-10-05,Flex6,B,07:00,19:00,12,0.9974482,40,1
4,N031,450,2025-09-08,PM,ICU,15:00,23:00,8,0.9974482,37,0
4,N031,451,2025-09-10,Flex4,ICU,12:00,19:00,7,0.9974482,37,0
4,N031,452,2025-09-11,Flex6,ICU,07:00,19:00,12,0.9974482,37,0
4,N031,453,2025-09-12,Night,A,20:00,08:00,12,0.9974482,37,0
4,N031,454,2025-09-15,AM,A,07:00,15:00,8,0.9974482,38,0
4,N031,455,2025-09-16,PM,A,15:00,23:00,8,0.9974482,38,0
4,N031,456,2025-09-18,Flex6,A,07:00,19:00,12,0.9974482,38,0
4,N031,457,2025-09-19,Night,ICU,20:00,08:00,12,0.9974482,38,0
4,N031,458,2025-09-21,Night,B,20:00,08:00,12,0.9974482,38,0
4,N031,459,2025-09-22,PM,ICU,15:00,23:00,8,0.9974482,39,1
4,N031,461,2025-09-26,Flex2,ICU,10:00,15:00,5,0.9974482,39,1
4,N031,462,2025-09-27,Night,B,20:00,08:00,12,0.9974482,39,1
4,N031,463,2025-09-28,Flex6,B,07:00,19:00,12,0.9974482,39,1
4,N031,464,2025-09-30,Flex2,A,10:00,15:00,5,0.9974482,40,1
4,N031,465,2025-10-01,Flex2,B,10:00,15:00,5,0.9974482,40,1
4,N031,466,2025-10-02,AM,A,07:00,15:00,8,0.9974482,40,1
4,N031,467,2025-10-03,PM,A,15:00,23:00,8,0.9974482,40,1
4,N031,468,2025-10-04,Flex1,A,07:00,11:00,4,0.9974482,40,1
4,N031,469,2025-09-08,Flex5,A,07:00,15:00,8,0.9974482,37,0
4,N031,471,2025-09-11,Flex1,A,07:00,11:00,4,0.9974482,37,0
4,N031,472,2025-09-12,Night,C,20:00,08:00,12,0.9974482,37,0
4,N031,473,2025-09-15,AM,B,07:00,15:00,8,0.9974482,38,0
4,N031,474,2025-09-16,PM,C,15:00,23:00,8,0.9974482,38,0
4,N031,475,2025-09-17,Flex4,B,12:00,19:00,7,0.9974482,38,0
4,N031,476,2025-09-20,Night,C,20:00,08:00,12,0.9974482,38,0
4,N031,477,2025-09-21,Flex6,A,07:00,19:00,12,0.9974482,38,0
4,N031,478,2025-09-22,Flex1,B,07:00,11:00,4,0.9974482,39,1
4,N031,479,2025-09-23,Flex5,B,07:00,15:00,8,0.9974482,39,1
4,N031,480,2025-09-24,Flex6,ICU,07:00,19:00,12,0.9974482,39,1
4,N031,481,2025-09-25,Flex2,ICU,10:00,15:00,5,0.9974482,39,1
4,N031,483,2025-09-30,AM,B,07:00,15:00,8,0.9974482,40,1
4,N031,484,2025-10-01,Night,C,20:00,08:00,12,0.9974482,40,1
4,N031,485,2025-10-03,Flex5,A,07:00,15:00,8,0.9974482,40,1
4,N031,486,2025-10-04,AM,A,07:00,15:00,8,0.9974482,40,1
4,N031,487,2025-09-08,Flex2,C,10:00,15:00,5,0.9974482,37,0
4,N031,488,2025-09-09,Flex2,ICU,10:00,15:00,5,0.9974482,37,0
4,N031,489,2025-09-10,PM,C,15:00,23:00,8,0.9974482,37,0
4,N031,490,2025-09-12,Flex5,C,07:00,15:00,8,0.9974482,37,0
4,N031,491,2025-09-14,Flex3,B,09:00,15:00,6,0.9974482,37,0
4,N031,492,2025-09-16,AM,A,07:00,15:00,8,0.9974482,38,0
4,N031,493,2025-09-18,Flex4,ICU,12:00,19:00,7,0.9974482,38,0
4,N031,494,2025-09-19,Flex6,B,07:00,19:00,12,0.9974482,38,0
4,N031,495,2025-09-21,PM,A,15:00,23:00,8,0.9974482,38,0
4,N031,496,2025-09-24,PM,C,15:00,23:00,8,0.9974482,39,1
4,N031,497,2025-09-25,Flex6,B,07:00,19:00,12,0.9974482,39,1
4,N031,499,2025-09-29,Flex1,B,07:00,11:00,4,0.9974482,40,1
4,N031,500,2025-09-30,AM,ICU,07:00,15:00,8,0.9974482,40,1
4,N031,502,2025-10-03,PM,ICU,15:00,23:00,8,0.9974482,40,1
4,N031,503,2025-10-04,Flex1,C,07:00,11:00,4,0.9974482,40,1
4,N031,504,2025-10-05,Night,A,20:00,08:00,12,0.9974482,40,1
4,N031,505,2025-09-08,Flex3,C,09:00,15:00,6,0.9974482,37,0
4,N031,506,2025-09-09,Flex2,A,10:00,15:00,5,0.9974482,37,0
4,N031,507,2025-09-11,Flex6,C,07:00,19:00,12,0.9974482,37,0
4,N031,508,2025-09-12,Flex2,C,10:00,15:00,5,0.9974482,37,0
4,N031,509,2025-09-14,Flex3,ICU,09:00,15:00,6,0.9974482,37,0
4,N031,510,2025-09-15,Flex4,B,12:00,19:00,7,0.9974482,38,0
4,N031,511,2025-09-17,Flex4,A,12:00,19:00,7,0.9974482,38,0
4,N031,512,2025-09-21,AM,B,07:00,15:00,8,0.9974482,38,0
4,N031,513,2025-09-26,Flex1,A,07:00,11:00,4,0.9974482,39,1
4,N031,514,2025-09-27,Night,C,20:00,08:00,12,0.9974482,39,1
4,N031,515,2025-09-29,Flex6,ICU,07:00,19:00,12,0.9974482,40,1
4,N031,516,2025-10-01,Flex5,B,07:00,15:00,8,0.9974482,40,1
4,N031,517,2025-10-02,Flex4,ICU,12:00,19:00,7,0.9974482,40,1
4,N031,518,2025-10-03,Flex2,C,10:00,15:00,5,0.9974482,40,1
4,N031,519,2025-10-04,Flex1,ICU,07:00,11:00,4,0.9974482,40,1
4,N031,520,2025-10-05,Flex5,C,07:00,15:00,8,0.9974482,40,1
4,N031,521,2025-09-11,Flex2,ICU,10:00,15:00,5,0.9974482,37,0
4,N031,522,2025-09-13,Flex5,C,07:00,15:00,8,0.9974482,37,0
4,N031,523,2025-09-15,Flex2,A,10:00,15:00,5,0.9974482,38,0
4,N031,524,2025-09-18,PM,B,15:00,23:00,8,0.9974482,38,0
4,N031,525,2025-09-22,Night,B,20:00,08:00,12,0.9974482,39,1
4,N031,526,2025-09-24,AM,A,07:00,15:00,8,0.9974482,39,1
4,N031,527,2025-09-25,Flex1,ICU,07:00,11:00,4,0.9974482,39,1
4,N031,528,2025-09-26,Flex4,C,12:00,19:00,7,0.9974482,39,1
4,N031,529,2025-09-27,AM,ICU,07:00,15:00,8,0.9974482,39,1
4,N031,530,2025-09-30,Flex5,B,07:00,15:00,8,0.9974482,40,1
4,N031,531,2025-10-01,Flex4,ICU,12:00,19:00,7,0.9974482,40,1
4,N031,532,2025-10-04,AM,ICU,07:00,15:00,8,0.9974482,40,1
4,N031,533,2025-10-05,Flex4,ICU,12:00,19:00,7,0.9974482,40,1
4,N031,534,2025-09-08,Flex3,ICU,09:00,15:00,6,0.9974482,37,0
4,N031,535,2025-09-09,Flex2,C,10:00,15:00,5,0.9974482,37,0
4,N031,536,2025-09-11,Flex6,A,07:00,19:00,12,0.9974482,37,0
4,N031,537,2025-09-13,PM,C,15:00,23:00,8,0.9974482,37,0
4,N031,538,2025-09-15,Flex2,ICU,10:00,15:00,5,0.9974482,38,0
4,N031,539,2025-09-16,Flex6,C,07:00,19:00,12,0.9974482,38,0
4,N031,540,2025-09-17,Flex2,ICU,10:00,15:00,5,0.9974482,38,0
4,N031,541,2025-09-20,Flex4,C,12:00,19:00,7,0.9974482,38,0
4,N031,542,2025-09-21,Flex6,ICU,07:00,19:00,12,0.9974482,38,0
4,N031,543,2025-09-22,PM,C,15:00,23:00,8,0.9974482,39,1
4,N031,544,2025-09-25,AM,ICU,07:00,15:00,8,0.9974482,39,1
4,N031,545,2025-09-26,Flex3,B,09:00,15:00,6,0.9974482,39,1
4,N031,546,2025-09-28,AM,ICU,07:00,15:00,8,0.9974482,39,1
4,N031,547,2025-09-30,Night,ICU,20:00,08:00,12,0.9974482,40,1
4,N031,548,2025-10-04,AM,C,07:00,15:00,8,0.9974482,40,1
4,N031,549,2025-09-08,Night,ICU,20:00,08:00,12,0.9974482,37,0
4,N031,550,2025-09-09,AM,ICU,07:00,15:00,8,0.9974482,37,0
4,N031,551,2025-09-10,PM,B,15:00,23:00,8,0.9974482,37,0
4,N031,552,2025-09-12,Flex6,C,07:00,19:00,12,0.9974482,37,0
4,N031,553,2025-09-13,AM,ICU,07:00,15:00,8,0.9974482,37,0
4,N031,554,2025-09-14,Flex2,C,10:00,15:00,5,0.9974482,37,0
4,N031,555,2025-09-18,Flex5,B,07:00,15:00,8,0.9974482,38,0
4,N031,556,2025-09-19,Flex5,C,07:00,15:00,8,0.9974482,38,0
4,N031,557,2025-09-21,PM,B,15:00,23:00,8,0.9974482,38,0
4,N031,558,2025-09-25,Flex6,ICU,07:00,19:00,12,0.9974482,39,1
4,N031,559,2025-09-26,Flex5,ICU,07:00,15:00,8,0.9974482,39,1
4,N031,561,2025-09-30,Flex1,C,07:00,11:00,4,0.9974482,40,1
4,N031,562,2025-10-02,Flex3,ICU,09:00,15:00,6,0.9974482,40,1
4,N031,563,2025-10-03,PM,C,15:00,23:00,8,0.9974482,40,1
4,N031,565,2025-09-10,Flex1,B,07:00,11:00,4,0.9974482,37,0
4,N031,566,2025-09-12,PM,B,15:00,23:00,8,0.9974482,37,0
4,N031,567,2025-09-13,Flex4,C,12:00,19:00,7,0.9974482,37,0
4,N031,568,2025-09-18,Flex5,A,07:00,15:00,8,0.9974482,38,0
4,N031,569,2025-09-19,AM,A,07:00,15:00,8,0.9974482,38,0
4,N031,570,2025-09-21,Flex2,C,10:00,15:00,5,0.9974482,38,0
4,N031,571,2025-09-28,Night,ICU,20:00,08:00,12,0.9974482,39,1
4,N031,572,2025-09-29,Night,ICU,20:00,08:00,12,0.9974482,40,1
4,N031,573,2025-10-01,Flex5,A,07:00,15:00,8,0.9974482,40,1
4,N031,575,2025-10-04,Flex5,C,07:00,15:00,8,0.9974482,40,1
4,N031,576,2025-10-05,Flex5,B,07:00,15:00,8,0.9974482,40,1
4,N031,577,2025-09-11,Night,B,20:00,08:00,12,0.9974482,37,0
4,N031,578,2025-09-13,Flex4,B,12:00,19:00,7,0.9974482,37,0
4,N031,579,2025-09-15,Flex6,C,07:00,19:00,12,0.9974482,38,0
4,N031,580,2025-09-18,Flex3,A,09:00,15:00,6,0.9974482,38,0
4,N031,581,2025-09-25,AM,A,07:00,15:00,8,0.9974482,39,1
4,N031,582,2025-09-26,Night,C,20:00,08:00,12,0.9974482,39,1
4,N031,583,2025-09-27,Flex3,B,09:00,15:00,6,0.9974482,39,1
4,N031,584,2025-09-30,Flex4,A,12:00,19:00,7,0.9974482,40,1
4,N031,585,2025-10-01,Flex1,ICU,07:00,11:00,4,0.9974482,40,1
4,N031,586,2025-09-10,Flex2,A,10:00,15:00,5,0.9974482,37,0
4,N031,587,2025-09-17,Flex6,A,07:00,19:00,12,0.9974482,38,0
4,N031,588,2025-09-19,Flex3,B,09:00,15:00,6,0.9974482,38,0
4,N031,589,2025-09-20,PM,A,15:00,23:00,8,0.9974482,38,0
4,N031,590,2025-09-25,Flex1,A,07:00,11:00,4,0.9974482,39,1
4,N031,592,2025-10-02,Flex6,A,07:00,19:00,12,0.9974482,40,1
4,N031,593,2025-10-03,Flex1,A,07:00,11:00,4,0.9974482,40,1
4,N031,594,2025-10-05,AM,A,07:00,15:00,8,0.9974482,40,1
4,N031,595,2025-09-09,PM,A,15:00,23:00,8,0.9974482,37,0
4,N031,596,2025-09-11,Flex4,B,12:00,19:00,7,0.9974482,37,0
4,N031,597,2025-09-12,Flex4,B,12:00,19:00,7,0.9974482,37,0
4,N031,598,2025-09-14,Flex1,A,07:00,11:00,4,0.9974482,37,0
4,N031,599,2025-09-16,AM,C,07:00,15:00,8,0.9974482,38,0
4,N031,600,2025-09-17,PM,C,15:00,23:00,8,0.9974482,38,0
4,N031,601,2025-09-19,Flex3,ICU,09:00,15:00,6,0.9974482,38,0
4,N031,602,2025-09-20,Flex2,B,10:00,15:00,5,0.9974482,38,0
4,N031,605,2025-09-27,Flex5,C,07:00,15:00,8,0.9974482,39,1
4,N031,607,2025-09-30,Flex1,ICU,07:00,11:00,4,0.9974482,40,1
4,N031,608,2025-10-02,PM,ICU,15:00,23:00,8,0.9974482,40,1
4,N031,609,2025-09-12,Flex2,B,10:00,15:00,5,0.9974482,37,0
4,N031,610,2025-09-13,Flex4,A,12:00,19:00,7,0.9974482,37,0
4,N031,611,2025-09-14,Night,B,20:00,08:00,12,0.9974482,37,0
4,N031,612,2025-09-16,Flex2,ICU,10:00,15:00,5,0.9974482,38,0
4,N031,614,2025-09-19,PM,A,15:00,23:00,8,0.9974482,38,0
4,N031,615,2025-09-20,Flex2,A,10:00,15:00,5,0.9974482,38,0
4,N031,616,2025-09-26,Flex3,A,09:00,15:00,6,0.9974482,39,1
4,N031,617,2025-09-30,Flex3,C,09:00,15:00,6,0.9974482,40,1
4,N031,618,2025-10-01,Flex6,A,07:00,19:00,12,0.9974482,40,1
4,N031,619,2025-10-03,Flex3,B,09:00,15:00,6,0.9974482,40,1
4,N031,620,2025-10-05,Flex2,A,10:00,15:00,5,0.9974482,40,1
4,N031,621,2025-09-09,Flex2,B,10:00,15:00,5,0.9974482,37,0
4,N031,622,2025-09-10,Flex5,B,07:00,15:00,8,0.9974482,37,0
4,N031,623,2025-09-11,Flex4,C,12:00,19:00,7,0.9974482,37,0
4,N031,624,2025-09-13,PM,B,15:00,23:00,8,0.9974482,37,0
4,N031,625,2025-09-14,Flex4,C,12:00,19:00,7,0.9974482,37,0
4,N031,626,2025-09-16,AM,B,07:00,15:00,8,0.9974482,38,0
4,N031,627,2025-09-20,Flex2,ICU,10:00,15:00,5,0.9974482,38,0
4,N031,628,2025-09-21,Flex6,C,07:00,19:00,12,0.9974482,38,0
4,N031,629,2025-09-22,Flex6,B,07:00,19:00,12,0.9974482,39,1
4,N031,630,2025-09-24,Flex3,ICU,09:00,15:00,6,0.9974482,39,1
4,N031,631,2025-09-25,Flex1,B,07:00,11:00,4,0.9974482,39,1
4,N031,632,2025-09-26,Flex5,A,07:00,15:00,8,0.9974482,39,1
4,N031,633,2025-09-28,PM,C,15:00,23:00,8,0.9974482,39,1
4,N031,634,2025-10-03,Flex6,B,07:00,19:00,12,0.9974482,40,1
4,N031,635,2025-10-04,Night,ICU,20:00,08:00,12,0.9974482,40,1
4,N031,636,2025-09-08,Flex4,A,12:00,19:00,7,0.9974482,37,0
4,N031,637,2025-09-10,Flex2,B,10:00,15:00,5,0.9974482,37,0
4,N031,638,2025-09-13,Night,ICU,20:00,08:00,12,0.9974482,37,0
4,N031,639,2025-09-14,Flex5,ICU,07:00,15:00,8,0.9974482,37,0
4,N031,641,2025-09-21,Flex5,A,07:00,15:00,8,0.9974482,38,0
4,N031,642,2025-09-23,Flex2,C,10:00,15:00,5,0.9974482,39,1
4,N031,643,2025-09-28,Flex1,ICU,07:00,11:00,4,0.9974482,39,1
4,N031,644,2025-09-29,Flex4,B,12:00,19:00,7,0.9974482,40,1
4,N031,645,2025-09-30,Flex6,C,07:00,19:00,12,0.9974482,40,1
4,N031,646,2025-10-01,Flex5,C,07:00,15:00,8,0.9974482,40,1
4,N031,648,2025-09-10,Flex3,B,09:00,15:00,6,0.9974482,37,0
4,N031,649,2025-09-11,Flex2,B,10:00,15:00,5,0.9974482,37,0
4,N031,650,2025-09-13,Flex3,A,09:00,15:00,6,0.9974482,37,0
4,N031,651,2025-09-15,Flex4,ICU,12:00,19:00,7,0.9974482,38,0
4,N031,652,2025-09-16,Flex2,A,10:00,15:00,5,0.9974482,38,0
4,N031,653,2025-09-17,Flex6,B,07:00,19:00,12,0.9974482,38,0
4,N031,654,2025-09-18,AM,B,07:00,15:00,8,0.9974482,38,0
4,N031,655,2025-09-19,PM,B,15:00,23:00,8,0.9974482,38,0
4,N031,656,2025-09-22,AM,ICU,07:00,15:00,8,0.9974482,39,1
4,N031,657,2025-09-23,Flex1,B,07:00,11:00,4,0.9974482,39,1
4,N031,658,2025-09-29,Flex4,C,12:00,19:00,7,0.9974482,40,1
4,N031,659,2025-10-04,Flex2,B,10:00,15:00,5,0.9974482,40,1
4,N031,660,2025-09-10,Flex6,A,07:00,19:00,12,0.9974482,37,0
4,N031,661,2025-09-13,PM,A,15:00,23:00,8,0.9974482,37,0
4,N031,662,2025-09-14,Flex4,A,12:00,19:00,7,0.9974482,37,0
4,N031,663,2025-09-17,Flex5,A,07:00,15:00,8,0.9974482,38,0
4,N031,665,2025-09-24,Flex3,C,09:00,15:00,6,0.9974482,39,1
4,N031,666,2025-09-27,PM,C,15:00,23:00,8,0.9974482,39,1
4,N031,667,2025-09-29,PM,ICU,15:00,23:00,8,0.9974482,40,1
4,N031,668,2025-10-01,Flex3,C,09:00,15:00,6,0.9974482,40,1
4,N031,669,2025-10-02,Night,ICU,20:00,08:00,12,0.9974482,40,1
4,N031,670,2025-10-03,Flex4,A,12:00,19:00,7,0.9974482,40,1
4,N031,671,2025-10-04,PM,ICU,15:00,23:00,8,0.9974482,40,1
4,N031,672,2025-09-15,PM,C,15:00,23:00,8,0.9974482,38,0
4,N031,673,2025-09-17,PM,A,15:00,23:00,8,0.9974482,38,0
4,N031,674,2025-09-18,Flex2,B,10:00,15:00,5,0.9974482,38,0
4,N031,675,2025-09-26,Flex1,C,07:00,11:00,4,0.9974482,39,1
4,N031,676,2025-09-28,AM,A,07:00,15:00,8,0.9974482,39,1
4,N031,677,2025-09-30,Flex4,C,12:00,19:00,7,0.9974482,40,1
4,N031,678,2025-10-01,Flex3,A,09:00,15:00,6,0.9974482,40,1
4,N031,679,2025-10-02,Night,C,20:00,08:00,12,0.9974482,40,1
4,N031,680,2025-09-08,Flex5,C,07:00,15:00,8,0.9974482,37,0
4,N031,681,2025-09-11,Flex5,C,07:00,15:00,8,0.9974482,37,0
4,N031,682,2025-09-17,Flex6,ICU,07:00,19:00,12,0.9974482,38,0
4,N031,683,2025-09-19,Night,C,20:00,08:00,12,0.9974482,38,0
4,N031,684,2025-09-20,Flex1,A,07:00,11:00,4,0.9974482,38,0
4,N031,685,2025-09-21,Flex3,B,09:00,15:00,6,0.9974482,38,0
4,N031,686,2025-09-22,Flex4,B,12:00,19:00,7,0.9974482,39,1
4,N031,687,2025-09-23,Flex2,B,10:00,15:00,5,0.9974482,39,1
4,N031,688,2025-09-24,Flex5,C,07:00,15:00,8,0.9974482,39,1
4,N031,689,2025-09-27,Flex4,B,12:00,19:00,7,0.9974482,39,1
4,N031,690,2025-09-29,Flex1,A,07:00,11:00,4,0.9974482,40,1
4,N031,691,2025-09-08,Flex2,ICU,10:00,15:00,5,0.9974482,37,0
4,N031,692,2025-09-11,Night,ICU,20:00,08:00,12,0.9974482,37,0
4,N031,693,2025-09-12,PM,C,15:00,23:00,8,0.9974482,37,0
4,N031,694,2025-09-13,Flex6,ICU,07:00,19:00,12,0.9974482,37,0
4,N031,695,2025-09-15,Flex1,ICU,07:00,11:00,4,0.9974482,38,0
4,N031,696,2025-09-17,AM,C,07:00,15:00,8,0.9974482,38,0
4,N031,697,2025-09-18,Flex6,B,07:00,19:00,12,0.9974482,38,0
4,N031,698,2025-09-23,Flex5,ICU,07:00,15:00,8,0.9974482,39,1
4,N031,699,2025-09-28,Flex3,ICU,09:00,15:00,6,0.9974482,39,1
4,N031,700,2025-09-29,AM,C,07:00,15:00,8,0.9974482,40,1
4,N031,701,2025-10-03,PM,B,15:00,23:00,8,0.9974482,40,1
4,N031,702,2025-10-04,Flex2,C,10:00,15:00,5,0.9974482,40,1
4,N031,703,2025-10-05,Flex2,B,10:00,15:00,5,0.9974482,40,1
4,N031,704,2025-09-11,Flex1,C,07:00,11:00,4,0.9974482,37,0
4,N031,706,2025-09-15,Flex4,C,12:00,19:00,7,0.9974482,38,0
4,N031,707,2025-09-16,PM,B,15:00,23:00,8,0.9974482,38,0
4,N031,708,2025-09-19,Flex2,B,10:00,15:00,5,0.9974482,38,0
4,N031,709,2025-09-21,Flex2,B,10:00,15:00,5,0.9974482,38,0
4,N031,710,2025-09-23,Flex1,C,07:00,11:00,4,0.9974482,39,1
4,N031,711,2025-09-26,Flex6,B,07:00,19:00,12,0.9974482,39,1
4,N031,712,2025-09-28,Flex6,ICU,07:00,19:00,12,0.9974482,39,1
4,N031,713,2025-09-29,Flex5,B,07:00,15:00,8,0.9974482,40,1
4,N031,714,2025-10-02,Flex4,A,12:00,19:00,7,0.9974482,40,1
4,N031,715,2025-10-04,Flex4,B,12:00,19:00,7,0.9974482,40,1
4,N031,716,2025-09-10,Flex3,C,09:00,15:00,6,0.9974482,37,0
4,N031,717,2025-09-17,AM,B,07:00,15:00,8,0.9974482,38,0
4,N031,718,2025-09-19,Flex3,C,09:00,15:00,6,0.9974482,38,0
4,N031,719,2025-09-20,PM,B,15:00,23:00,8,0.9974482,38,0
4,N031,720,2025-09-22,Flex6,C,07:00,19:00,12,0.9974482,39,1
4,N031,721,2025-09-29,Flex3,ICU,09:00,15:00,6,0.9974482,40,1
4,N031,722,2025-10-01,Night,B,20:00,08:00,12,0.9974482,40,1
5,N005,44,2025-09-12,Flex4,A,12:00,19:00,7,0.9974482,37,0
5,N005,45,2025-09-13,Flex6,C,07:00,19:00,12,0.9974482,37,0
5,N005,60,2025-09-28,Flex2,C,10:00,15:00,5,0.9974482,39,1
5,N005,61,2025-09-29,Flex3,B,09:00,15:00,6,0.9974482,40,1
5,N005,107,2025-09-19,Night,B,20:00,08:00,12,0.9974482,38,0
5,N005,108,2025-09-20,Flex5,C,07:00,15:00,8,0.9974482,38,0
5,N005,109,2025-09-21,Flex6,B,07:00,19:00,12,0.9974482,38,0
5,N005,116,2025-09-30,PM,C,15:00,23:00,8,0.9974482,40,1
5,N005,117,2025-10-01,Flex1,B,07:00,11:00,4,0.9974482,40,1
5,N005,118,2025-10-02,PM,A,15:00,23:00,8,0.9974482,40,1
5,N005,119,2025-10-03,Flex1,ICU,07:00,11:00,4,0.9974482,40,1
5,N005,120,2025-10-04,Flex5,B,07:00,15:00,8,0.9974482,40,1
5,N005,121,2025-10-05,Flex1,C,07:00,11:00,4,0.9974482,40,1
5,N005,122,2025-09-08,Flex2,B,10:00,15:00,5,0.9974482,37,0
5,N005,124,2025-09-11,Flex4,A,12:00,19:00,7,0.9974482,37,0
5,N005,125,2025-09-12,Flex6,ICU,07:00,19:00,12,0.9974482,37,0
5,N005,126,2025-09-14,AM,C,07:00,15:00,8,0.9974482,37,0
5,N005,127,2025-09-15,Flex5,B,07:00,15:00,8,0.9974482,38,0
5,N005,128,2025-09-16,Flex3,A,09:00,15:00,6,0.9974482,38,0
5,N005,129,2025-09-17,Flex1,B,07:00,11:00,4,0.9974482,38,0
5,N005,130,2025-09-18,Flex2,ICU,10:00,15:00,5,0.9974482,38,0
5,N005,131,2025-09-19,Flex5,B,07:00,15:00,8,0.9974482,38,0
5,N005,132,2025-09-20,Flex5,ICU,07:00,15:00,8,0.9974482,38,0
5,N005,133,2025-09-21,Night,ICU,20:00,08:00,12,0.9974482,38,0
5,N005,134,2025-09-22,Flex3,A,09:00,15:00,6,0.9974482,39,1
5,N005,135,2025-09-23,Flex5,A,07:00,15:00,8,0.9974482,39,1
5,N005,136,2025-09-24,Flex4,C,12:00,19:00,7,0.9974482,39,1
5,N005,137,2025-09-25,Flex4,B,12:00,19:00,7,0.9974482,39,1
5,N005,138,2025-09-27,Flex1,A,07:00,11:00,4,0.9974482,39,1
5,N005,141,2025-09-30,Flex6,B,07:00,19:00,12,0.9974482,40,1
5,N005,142,2025-10-01,Flex2,ICU,10:00,15:00,5,0.9974482,40,1
5,N005,143,2025-10-02,Flex1,B,07:00,11:00,4,0.9974482,40,1
5,N005,145,2025-10-05,Flex1,B,07:00,11:00,4,0.9974482,40,1
5,N005,146,2025-09-08,Flex1,B,07:00,11:00,4,0.9974482,37,0
5,N005,147,2025-09-09,AM,B,07:00,15:00,8,0.9974482,37,0
5,N005,149,2025-09-11,PM,A,15:00,23:00,8,0.9974482,37,0
5,N005,150,2025-09-12,Flex5,B,07:00,15:00,8,0.9974482,37,0
5,N005,151,2025-09-13,Flex2,ICU,10:00,15:00,5,0.9974482,37,0
5,N005,152,2025-09-14,Flex1,ICU,07:00,11:00,4,0.9974482,37,0
5,N005,153,2025-09-16,Flex2,B,10:00,15:00,5,0.9974482,38,0
5,N005,154,2025-09-17,Flex1,C,07:00,11:00,4,0.9974482,38,0
5,N005,155,2025-09-18,Flex6,C,07:00,19:00,12,0.9974482,38,0
5,N005,156,2025-09-19,Flex6,A,07:00,19:00,12,0.9974482,38,0
5,N005,157,2025-09-20,PM,ICU,15:00,23:00,8,0.9974482,38,0
5,N005,158,2025-09-21,Flex4,C,12:00,19:00,7,0.9974482,38,0
5,N005,159,2025-09-22,PM,B,15:00,23:00,8,0.9974482,39,1
5,N005,160,2025-09-23,Flex6,ICU,07:00,19:00,12,0.9974482,39,1
5,N005,161,2025-09-24,Flex2,B,10:00,15:00,5,0.9974482,39,1
5,N005,162,2025-09-25,PM,B,15:00,23:00,8,0.9974482,39,1
5,N005,164,2025-09-27,Flex2,A,10:00,15:00,5,0.9974482,39,1
5,N005,165,2025-09-28,PM,B,15:00,23:00,8,0.9974482,39,1
5,N005,166,2025-09-29,Flex2,C,10:00,15:00,5,0.9974482,40,1
5,N005,168,2025-10-01,PM,ICU,15:00,23:00,8,0.9974482,40,1
5,N005,169,2025-10-02,Night,B,20:00,08:00,12,0.9974482,40,1
5,N005,170,2025-10-03,Flex6,C,07:00,19:00,12,0.9974482,40,1
5,N005,171,2025-10-05,Flex5,ICU,07:00,15:00,8,0.9974482,40,1
5,N005,172,2025-09-08,AM,C,07:00,15:00,8,0.9974482,37,0
5,N005,173,2025-09-09,Flex4,A,12:00,19:00,7,0.9974482,37,0
5,N005,174,2025-09-11,Flex2,A,10:00,15:00,5,0.9974482,37,0
5,N005,175,2025-09-12,Flex4,ICU,12:00,19:00,7,0.9974482,37,0
5,N005,176,2025-09-13,Night,C,20:00,08:00,12,0.9974482,37,0
5,N005,177,2025-09-14,Flex5,C,07:00,15:00,8,0.9974482,37,0
5,N005,178,2025-09-15,Night,C,20:00,08:00,12,0.9974482,38,0
5,N005,179,2025-09-16,Flex2,C,10:00,15:00,5,0.9974482,38,0
5,N005,180,2025-09-18,Night,C,20:00,08:00,12,0.9974482,38,0
5,N005,185,2025-09-25,PM,ICU,15:00,23:00,8,0.9974482,39,1
5,N005,186,2025-09-26,Flex2,B,10:00,15:00,5,0.9974482,39,1
5,N005,187,2025-09-27,Flex3,A,09:00,15:00,6,0.9974482,39,1
5,N005,188,2025-09-28,Flex2,B,10:00,15:00,5,0.9974482,39,1
5,N005,189,2025-09-29,PM,C,15:00,23:00,8,0.9974482,40,1
5,N005,190,2025-09-30,Flex1,B,07:00,11:00,4,0.9974482,40,1
5,N005,191,2025-10-01,Night,A,20:00,08:00,12,0.9974482,40,1
5,N005,192,2025-10-02,Flex1,ICU,07:00,11:00,4,0.9974482,40,1
5,N005,193,2025-10-03,Flex3,C,09:00,15:00,6,0.9974482,40,1
5,N005,194,2025-10-04,Flex3,A,09:00,15:00,6,0.9974482,40,1
5,N005,195,2025-10-05,Flex2,C,10:00,15:00,5,0.9974482,40,1
5,N005,196,2025-09-08,Flex3,A,09:00,15:00,6,0.9974482,37,0
5,N005,197,2025-09-09,Flex5,A,07:00,15:00,8,0.9974482,37,0
5,N005,198,2025-09-10,Flex1,ICU,07:00,11:00,4,0.9974482,37,0
5,N005,199,2025-09-11,PM,B,15:00,23:00,8,0.9974482,37,0
5,N005,200,2025-09-12,Flex3,C,09:00,15:00,6,0.9974482,37,0
5,N005,201,2025-09-13,Flex3,B,09:00,15:00,6,0.9974482,37,0
5,N005,202,2025-09-14,PM,A,15:00,23:00,8,0.9974482,37,0
5,N005,204,2025-09-16,Flex1,ICU,07:00,11:00,4,0.9974482,38,0
5,N005,205,2025-09-17,AM,ICU,07:00,15:00,8,0.9974482,38,0
5,N005,207,2025-09-19,Flex1,A,07:00,11:00,4,0.9974482,38,0
5,N005,208,2025-09-20,PM,C,15:00,23:00,8,0.9974482,38,0
5,N005,209,2025-09-21,Flex4,B,12:00,19:00,7,0.9974482,38,0
5,N005,210,2025-09-22,Flex1,A,07:00,11:00,4,0.9974482,39,1
5,N005,211,2025-09-23,Flex3,A,09:00,15:00,6,0.9974482,39,1
5,N005,213,2025-09-26,Flex5,C,07:00,15:00,8,0.9974482,39,1
5,N005,214,2025-09-28,Flex1,A,07:00,11:00,4,0.9974482,39,1
5,N005,215,2025-09-29,Flex4,A,12:00,19:00,7,0.9974482,40,1
5,N005,216,2025-09-30,Night,B,20:00,08:00,12,0.9974482,40,1
5,N005,217,2025-10-01,Flex2,A,10:00,15:00,5,0.9974482,40,1
5,N005,218,2025-10-02,Flex1,A,07:00,11:00,4,0.9974482,40,1
5,N005,219,2025-10-03,Flex6,ICU,07:00,19:00,12,0.9974482,40,1
5,N005,220,2025-10-05,PM,A,15:00,23:00,8,0.9974482,40,1
5,N005,221,2025-09-09,Flex1,C,07:00,11:00,4,0.9974482,37,0
5,N005,222,2025-09-10,Night,B,20:00,08:00,12,0.9974482,37,0
5,N005,223,2025-09-11,AM,ICU,07:00,15:00,8,0.9974482,37,0
5,N005,224,2025-09-12,Flex1,B,07:00,11:00,4,0.9974482,37,0
5,N005,225,2025-09-13,Night,A,20:00,08:00,12,0.9974482,37,0
5,N005,226,2025-09-14,Flex4,ICU,12:00,19:00,7,0.9974482,37,0
5,N005,227,2025-09-18,Flex2,A,10:00,15:00,5,0.9974482,38,0
5,N005,228,2025-09-19,PM,C,15:00,23:00,8,0.9974482,38,0
5,N005,230,2025-09-21,Flex4,ICU,12:00,19:00,7,0.9974482,38,0
5,N005,231,2025-09-22,Night,A,20:00,08:00,12,0.9974482,39,1
5,N005,232,2025-09-23,Flex6,A,07:00,19:00,12,0.9974482,39,1
5,N005,235,2025-09-27,Flex1,ICU,07:00,11:00,4,0.9974482,39,1
5,N005,236,2025-09-28,Flex4,B,12:00,19:00,7,0.9974482,39,1
5,N005,239,2025-10-01,Flex3,B,09:00,15:00,6,0.9974482,40,1
5,N005,240,2025-10-02,PM,B,15:00,23:00,8,0.9974482,40,1
5,N005,241,2025-10-03,Night,A,20:00,08:00,12,0.9974482,40,1
5,N005,242,2025-10-05,PM,B,15:00,23:00,8,0.9974482,40,1
5,N005,244,2025-09-10,Flex6,C,07:00,19:00,12,0.9974482,37,0
5,N005,245,2025-09-12,Flex1,ICU,07:00,11:00,4,0.9974482,37,0
5,N005,246,2025-09-13,Flex1,B,07:00,11:00,4,0.9974482,37,0
5,N005,247,2025-09-14,Flex3,A,09:00,15:00,6,0.9974482,37,0
5,N005,248,2025-09-15,PM,B,15:00,23:00,8,0.9974482,38,0
5,N005,249,2025-09-16,Flex4,B,12:00,19:00,7,0.9974482,38,0
5,N005,250,2025-09-17,Flex3,ICU,09:00,15:00,6,0.9974482,38,0
5,N005,251,2025-09-18,AM,C,07:00,15:00,8,0.9974482,38,0
5,N005,252,2025-09-19,PM,ICU,15:00,23:00,8,0.9974482,38,0
5,N005,253,2025-09-20,Flex3,B,09:00,15:00,6,0.9974482,38,0
5,N005,254,2025-09-22,Flex5,C,07:00,15:00,8,0.9974482,39,1
5,N005,255,2025-09-23,Flex6,B,07:00,19:00,12,0.9974482,39,1
5,N005,256,2025-09-24,Flex2,C,10:00,15:00,5,0.9974482,39,1
5,N005,257,2025-09-26,Flex2,A,10:00,15:00,5,0.9974482,39,1
5,N005,258,2025-09-27,Flex6,ICU,07:00,19:00,12,0.9974482,39,1
5,N005,259,2025-09-28,Flex5,B,07:00,15:00,8,0.9974482,39,1
5,N005,260,2025-09-29,Flex2,ICU,10:00,15:00,5,0.9974482,40,1
5,N005,261,2025-09-30,PM,B,15:00,23:00,8,0.9974482,40,1
5,N005,263,2025-10-02,AM,ICU,07:00,15:00,8,0.9974482,40,1
5,N005,264,2025-10-03,Flex2,ICU,10:00,15:00,5,0.9974482,40,1
5,N005,265,2025-10-04,Flex4,A,12:00,19:00,7,0.9974482,40,1
5,N005,266,2025-10-05,PM,ICU,15:00,23:00,8,0.9974482,40,1
5,N005,267,2025-09-08,PM,A,15:00,23:00,8,0.9974482,37,0
5,N005,268,2025-09-09,PM,B,15:00,23:00,8,0.9974482,37,0
5,N005,269,2025-09-12,Flex1,A,07:00,11:00,4,0.9974482,37,0
5,N005,272,2025-09-15,Flex1,A,07:00,11:00,4,0.9974482,38,0
5,N005,273,2025-09-16,Night,ICU,20:00,08:00,12,0.9974482,38,0
5,N005,274,2025-09-17,Flex2,B,10:00,15:00,5,0.9974482,38,0
5,N005,275,2025-09-18,Flex4,B,12:00,19:00,7,0.9974482,38,0
5,N005,276,2025-09-20,Flex3,ICU,09:00,15:00,6,0.9974482,38,0
5,N005,277,2025-09-21,Night,C,20:00,08:00,12,0.9974482,38,0
5,N005,278,2025-09-22,Flex2,A,10:00,15:00,5,0.9974482,39,1
5,N005,280,2025-09-26,Flex3,ICU,09:00,15:00,6,0.9974482,39,1
5,N005,281,2025-09-27,Flex3,C,09:00,15:00,6,0.9974482,39,1
5,N005,282,2025-09-28,Flex3,C,09:00,15:00,6,0.9974482,39,1
5,N005,283,2025-10-01,AM,C,07:00,15:00,8,0.9974482,40,1
5,N005,284,2025-10-02,Flex4,B,12:00,19:00,7,0.9974482,40,1
5,N005,285,2025-10-04,Flex2,ICU,10:00,15:00,5,0.9974482,40,1
5,N005,286,2025-10-05,PM,C,15:00,23:00,8,0.9974482,40,1
5,N005,287,2025-09-08,Flex4,ICU,12:00,19:00,7,0.9974482,37,0
5,N005,288,2025-09-09,Flex6,ICU,07:00,19:00,12,0.9974482,37,0
5,N005,289,2025-09-10,PM,ICU,15:00,23:00,8,0.9974482,37,0
5,N005,290,2025-09-11,Flex3,ICU,09:00,15:00,6,0.9974482,37,0
5,N005,291,2025-09-13,PM,ICU,15:00,23:00,8,0.9974482,37,0
5,N005,292,2025-09-15,Flex3,B,09:00,15:00,6,0.9974482,38,0
5,N005,293,2025-09-17,Night,C,20:00,08:00,12,0.9974482,38,0
5,N005,294,2025-09-20,Flex4,A,12:00,19:00,7,0.9974482,38,0
5,N005,295,2025-09-22,PM,A,15:00,23:00,8,0.9974482,39,1
5,N005,296,2025-09-23,Flex3,C,09:00,15:00,6,0.9974482,39,1
5,N005,297,2025-09-24,Flex3,B,09:00,15:00,6,0.9974482,39,1
5,N005,298,2025-09-25,Flex3,C,09:00,15:00,6,0.9974482,39,1
5,N005,299,2025-09-26,Flex4,ICU,12:00,19:00,7,0.9974482,39,1
5,N005,300,2025-09-27,Night,A,20:00,08:00,12,0.9974482,39,1
5,N005,301,2025-09-28,Flex1,B,07:00,11:00,4,0.9974482,39,1
5,N005,302,2025-10-01,Flex4,B,12:00,19:00,7,0.9974482,40,1
5,N005,303,2025-10-03,Flex1,B,07:00,11:00,4,0.9974482,40,1
5,N005,304,2025-10-04,Flex6,ICU,07:00,19:00,12,0.9974482,40,1
5,N005,305,2025-09-08,Flex5,ICU,07:00,15:00,8,0.9974482,37,0
5,N005,306,2025-09-10,AM,A,07:00,15:00,8,0.9974482,37,0
5,N005,307,2025-09-11,Flex3,C,09:00,15:00,6,0.9974482,37,0
5,N005,309,2025-09-13,Flex2,B,10:00,15:00,5,0.9974482,37,0
5,N005,310,2025-09-15,Flex1,C,07:00,11:00,4,0.9974482,38,0
5,N005,311,2025-09-16,PM,ICU,15:00,23:00,8,0.9974482,38,0
5,N005,312,2025-09-18,Night,ICU,20:00,08:00,12,0.9974482,38,0
5,N005,313,2025-09-20,Flex1,B,07:00,11:00,4,0.9974482,38,0
5,N005,315,2025-09-23,Flex4,ICU,12:00,19:00,7,0.9974482,39,1
5,N005,316,2025-09-25,Flex2,A,10:00,15:00,5,0.9974482,39,1
5,N005,317,2025-09-26,Flex4,A,12:00,19:00,7,0.9974482,39,1
5,N005,318,2025-09-27,Flex1,C,07:00,11:00,4,0.9974482,39,1
5,N005,319,2025-09-28,Flex6,C,07:00,19:00,12,0.9974482,39,1
5,N005,320,2025-09-29,Flex6,B,07:00,19:00,12,0.9974482,40,1
5,N005,321,2025-09-30,Flex3,ICU,09:00,15:00,6,0.9974482,40,1
5,N005,322,2025-10-01,AM,ICU,07:00,15:00,8,0.9974482,40,1
5,N005,323,2025-10-02,Flex6,C,07:00,19:00,12,0.9974482,40,1
5,N005,324,2025-10-03,Flex4,C,12:00,19:00,7,0.9974482,40,1
5,N005,325,2025-10-04,Flex3,ICU,09:00,15:00,6,0.9974482,40,1
5,N005,326,2025-10-05,Flex3,B,09:00,15:00,6,0.9974482,40,1
5,N005,327,2025-09-08,Night,A,20:00,08:00,12,0.9974482,37,0
5,N005,328,2025-09-09,Flex4,ICU,12:00,19:00,7,0.9974482,37,0
5,N005,330,2025-09-15,AM,C,07:00,15:00,8,0.9974482,38,0
5,N005,331,2025-09-16,Flex6,B,07:00,19:00,12,0.9974482,38,0
5,N005,332,2025-09-17,PM,ICU,15:00,23:00,8,0.9974482,38,0
5,N005,334,2025-09-20,Night,A,20:00,08:00,12,0.9974482,38,0
5,N005,335,2025-09-21,Flex1,A,07:00,11:00,4,0.9974482,38,0
5,N005,336,2025-09-22,Flex1,ICU,07:00,11:00,4,0.9974482,39,1
5,N005,337,2025-09-23,Flex1,ICU,07:00,11:00,4,0.9974482,39,1
5,N005,338,2025-09-25,Flex3,A,09:00,15:00,6,0.9974482,39,1
5,N005,339,2025-09-27,Flex6,C,07:00,19:00,12,0.9974482,39,1
5,N005,340,2025-09-28,Flex3,A,09:00,15:00,6,0.9974482,39,1
5,N005,341,2025-09-29,Flex1,ICU,07:00,11:00,4,0.9974482,40,1
5,N005,342,2025-09-30,Flex5,A,07:00,15:00,8,0.9974482,40,1
5,N005,343,2025-10-01,Flex4,C,12:00,19:00,7,0.9974482,40,1
5,N005,344,2025-10-03,Flex2,A,10:00,15:00,5,0.9974482,40,1
5,N005,346,2025-09-08,Flex6,C,07:00,19:00,12,0.9974482,37,0
5,N005,347,2025-09-09,Flex1,B,07:00,11:00,4,0.9974482,37,0
5,N005,348,2025-09-12,Flex3,B,09:00,15:00,6,0.9974482,37,0
5,N005,349,2025-09-14,Flex4,B,12:00,19:00,7,0.9974482,37,0
5,N005,350,2025-09-15,PM,A,15:00,23:00,8,0.9974482,38,0
5,N005,351,2025-09-16,Flex1,A,07:00,11:00,4,0.9974482,38,0
5,N005,352,2025-09-18,Flex1,C,07:00,11:00,4,0.9974482,38,0
5,N005,353,2025-09-22,Flex1,C,07:00,11:00,4,0.9974482,39,1
5,N005,354,2025-09-23,Night,ICU,20:00,08:00,12,0.9974482,39,1
5,N005,355,2025-09-24,Flex1,B,07:00,11:00,4,0.9974482,39,1
5,N005,357,2025-09-26,AM,C,07:00,15:00,8,0.9974482,39,1
5,N005,358,2025-09-29,Night,B,20:00,08:00,12,0.9974482,40,1
5,N005,359,2025-10-01,Flex6,B,07:00,19:00,12,0.9974482,40,1
5,N005,360,2025-10-04,Flex3,B,09:00,15:00,6,0.9974482,40,1
5,N005,362,2025-09-09,Night,A,20:00,08:00,12,0.9974482,37,0
5,N005,363,2025-09-10,Flex4,A,12:00,19:00,7,0.9974482,37,0
5,N005,364,2025-09-11,Night,A,20:00,08:00,12,0.9974482,37,0
5,N005,365,2025-09-12,AM,B,07:00,15:00,8,0.9974482,37,0
5,N005,366,2025-09-15,Flex6,ICU,07:00,19:00,12,0.9974482,38,0
5,N005,367,2025-09-17,Flex3,B,09:00,15:00,6,0.9974482,38,0
5,N005,368,2025-09-18,Flex3,C,09:00,15:00,6,0.9974482,38,0
5,N005,369,2025-09-21,Night,A,20:00,08:00,12,0.9974482,38,0
5,N005,370,2025-09-22,Flex3,B,09:00,15:00,6,0.9974482,39,1
5,N005,371,2025-09-23,Flex4,B,12:00,19:00,7,0.9974482,39,1
5,N005,373,2025-09-27,Flex1,B,07:00,11:00,4,0.9974482,39,1
5,N005,374,2025-09-28,PM,ICU,15:00,23:00,8,0.9974482,39,1
5,N005,375,2025-09-29,Flex6,C,07:00,19:00,12,0.9974482,40,1
5,N005,376,2025-09-30,AM,C,07:00,15:00,8,0.9974482,40,1
5,N005,378,2025-10-02,PM,C,15:00,23:00,8,0.9974482,40,1
5,N005,379,2025-10-04,Flex3,C,09:00,15:00,6,0.9974482,40,1
5,N005,380,2025-09-08,Flex6,B,07:00,19:00,12,0.9974482,37,0
5,N005,381,2025-09-09,Night,ICU,20:00,08:00,12,0.9974482,37,0
5,N005,382,2025-09-11,Night,C,20:00,08:00,12,0.9974482,37,0
5,N005,383,2025-09-13,Flex1,C,07:00,11:00,4,0.9974482,37,0
5,N005,385,2025-09-15,Night,ICU,20:00,08:00,12,0.9974482,38,0
5,N005,386,2025-09-17,Flex1,ICU,07:00,11:00,4,0.9974482,38,0
5,N005,388,2025-09-19,AM,C,07:00,15:00,8,0.9974482,38,0
5,N005,389,2025-09-21,Flex5,B,07:00,15:00,8,0.9974482,38,0
5,N005,390,2025-09-22,Night,C,20:00,08:00,12,0.9974482,39,1
5,N005,391,2025-09-23,Night,A,20:00,08:00,12,0.9974482,39,1
5,N005,392,2025-09-24,PM,B,15:00,23:00,8,0.9974482,39,1
5,N005,393,2025-09-25,Flex3,ICU,09:00,15:00,6,0.9974482,39,1
5,N005,394,2025-09-27,Flex5,B,07:00,15:00,8,0.9974482,39,1
5,N005,395,2025-09-28,AM,B,07:00,15:00,8,0.9974482,39,1
5,N005,396,2025-09-29,PM,B,15:00,23:00,8,0.9974482,40,1
5,N005,397,2025-10-02,Flex2,ICU,10:00,15:00,5,0.9974482,40,1
5,N005,398,2025-10-04,Night,C,20:00,08:00,12,0.9974482,40,1
5,N005,399,2025-10-05,Flex3,ICU,09:00,15:00,6,0.9974482,40,1
5,N005,400,2025-09-12,Night,ICU,20:00,08:00,12,0.9974482,37,0
5,N005,401,2025-09-14,Flex2,B,10:00,15:00,5,0.9974482,37,0
5,N005,402,2025-09-15,AM,ICU,07:00,15:00,8,0.9974482,38,0
5,N005,404,2025-09-21,Flex3,C,09:00,15:00,6,0.9974482,38,0
5,N005,405,2025-09-22,Flex3,ICU,09:00,15:00,6,0.9974482,39,1
5,N005,406,2025-09-23,Flex1,A,07:00,11:00,4,0.9974482,39,1
5,N005,407,2025-09-24,Flex2,A,10:00,15:00,5,0.9974482,39,1
5,N005,408,2025-09-25,Flex6,C,07:00,19:00,12,0.9974482,39,1
5,N005,409,2025-09-26,Night,A,20:00,08:00,12,0.9974482,39,1
5,N005,410,2025-09-27,AM,A,07:00,15:00,8,0.9974482,39,1
5,N005,411,2025-09-28,Flex4,A,12:00,19:00,7,0.9974482,39,1
5,N005,412,2025-09-29,Flex6,A,07:00,19:00,12,0.9974482,40,1
5,N005,413,2025-09-30,Night,C,20:00,08:00,12,0.9974482,40,1
5,N005,414,2025-10-01,Flex1,C,07:00,11:00,4,0.9974482,40,1
5,N005,415,2025-10-02,Flex2,C,10:00,15:00,5,0.9974482,40,1
5,N005,416,2025-10-05,Night,B,20:00,08:00,12,0.9974482,40,1
5,N005,417,2025-09-09,Flex6,C,07:00,19:00,12,0.9974482,37,0
5,N005,419,2025-09-14,Flex5,B,07:00,15:00,8,0.9974482,37,0
5,N005,420,2025-09-15,Flex1,B,07:00,11:00,4,0.9974482,38,0
5,N005,421,2025-09-16,Flex5,B,07:00,15:00,8,0.9974482,38,0
5,N005,422,2025-09-17,Flex6,C,07:00,19:00,12,0.9974482,38,0
5,N005,423,2025-09-18,Night,B,20:00,08:00,12,0.9974482,38,0
5,N005,425,2025-09-21,Flex1,C,07:00,11:00,4,0.9974482,38,0
5,N005,426,2025-09-22,Flex2,B,10:00,15:00,5,0.9974482,39,1
5,N005,429,2025-09-26,Flex1,B,07:00,11:00,4,0.9974482,39,1
5,N005,432,2025-10-03,AM,C,07:00,15:00,8,0.9974482,40,1
5,N005,435,2025-09-10,Night,C,20:00,08:00,12,0.9974482,37,0
5,N005,438,2025-09-18,Flex3,B,09:00,15:00,6,0.9974482,38,0
5,N005,443,2025-09-26,PM,B,15:00,23:00,8,0.9974482,39,1
5,N005,445,2025-09-29,Flex2,B,10:00,15:00,5,0.9974482,40,1
5,N005,446,2025-09-30,Flex2,C,10:00,15:00,5,0.9974482,40,1
5,N005,448,2025-10-03,Flex5,C,07:00,15:00,8,0.9974482,40,1
5,N005,449,2025-10-05,Flex6,B,07:00,19:00,12,0.9974482,40,1
5,N005,458,2025-09-21,Night,B,20:00,08:00,12,0.9974482,38,0
5,N005,460,2025-09-24,AM,ICU,07:00,15:00,8,0.9974482,39,1
5,N005,463,2025-09-28,Flex6,B,07:00,19:00,12,0.9974482,39,1
5,N005,465,2025-10-01,Flex2,B,10:00,15:00,5,0.9974482,40,1
5,N005,472,2025-09-12,Night,C,20:00,08:00,12,0.9974482,37,0
5,N005,474,2025-09-16,PM,C,15:00,23:00,8,0.9974482,38,0
5,N005,476,2025-09-20,Night,C,20:00,08:00,12,0.9974482,38,0
5,N005,478,2025-09-22,Flex1,B,07:00,11:00,4,0.9974482,39,1
5,N005,479,2025-09-23,Flex5,B,07:00,15:00,8,0.9974482,39,1
5,N005,484,2025-10-01,Night,C,20:00,08:00,12,0.9974482,40,1
5,N005,487,2025-09-08,Flex2,C,10:00,15:00,5,0.9974482,37,0
5,N005,489,2025-09-10,PM,C,15:00,23:00,8,0.9974482,37,0
5,N005,490,2025-09-12,Flex5,C,07:00,15:00,8,0.9974482,37,0
5,N005,491,2025-09-14,Flex3,B,09:00,15:00,6,0.9974482,37,0
5,N005,494,2025-09-19,Flex6,B,07:00,19:00,12,0.9974482,38,0
5,N005,496,2025-09-24,PM,C,15:00,23:00,8,0.9974482,39,1
5,N005,497,2025-09-25,Flex6,B,07:00,19:00,12,0.9974482,39,1
5,N005,499,2025-09-29,Flex1,B,07:00,11:00,4,0.9974482,40,1
5,N005,503,2025-10-04,Flex1,C,07:00,11:00,4,0.9974482,40,1
5,N005,505,2025-09-08,Flex3,C,09:00,15:00,6,0.9974482,37,0
5,N005,507,2025-09-11,Flex6,C,07:00,19:00,12,0.9974482,37,0
5,N005,508,2025-09-12,Flex2,C,10:00,15:00,5,0.9974482,37,0
5,N005,510,2025-09-15,Flex4,B,12:00,19:00,7,0.9974482,38,0
5,N005,514,2025-09-27,Night,C,20:00,08:00,12,0.9974482,39,1
5,N005,516,2025-10-01,Flex5,B,07:00,15:00,8,0.9974482,40,1
5,N005,518,2025-10-03,Flex2,C,10:00,15:00,5,0.9974482,40,1
5,N005,520,2025-10-05,Flex5,C,07:00,15:00,8,0.9974482,40,1
5,N005,522,2025-09-13,Flex5,C,07:00,15:00,8,0.9974482,37,0
5,N005,524,2025-09-18,PM,B,15:00,23:00,8,0.9974482,38,0
5,N005,525,2025-09-22,Night,B,20:00,08:00,12,0.9974482,39,1
5,N005,528,2025-09-26,Flex4,C,12:00,19:00,7,0.9974482,39,1
5,N005,535,2025-09-09,Flex2,C,10:00,15:00,5,0.9974482,37,0
5,N005,537,2025-09-13,PM,C,15:00,23:00,8,0.9974482,37,0
5,N005,539,2025-09-16,Flex6,C,07:00,19:00,12,0.9974482,38,0
5,N005,541,2025-09-20,Flex4,C,12:00,19:00,7,0.9974482,38,0
5,N005,543,2025-09-22,PM,C,15:00,23:00,8,0.9974482,39,1
5,N005,545,2025-09-26,Flex3,B,09:00,15:00,6,0.9974482,39,1
5,N005,548,2025-10-04,AM,C,07:00,15:00,8,0.9974482,40,1
5,N005,551,2025-09-10,PM,B,15:00,23:00,8,0.9974482,37,0
5,N005,552,2025-09-12,Flex6,C,07:00,19:00,12,0.9974482,37,0
5,N005,554,2025-09-14,Flex2,C,10:00,15:00,5,0.9974482,37,0
5,N005,556,2025-09-19,Flex5,C,07:00,15:00,8,0.9974482,38,0
5,N005,557,2025-09-21,PM,B,15:00,23:00,8,0.9974482,38,0
5,N005,561,2025-09-30,Flex1,C,07:00,11:00,4,0.9974482,40,1
5,N005,563,2025-10-03,PM,C,15:00,23:00,8,0.9974482,40,1
5,N005,565,2025-09-10,Flex1,B,07:00,11:00,4,0.9974482,37,0
5,N005,566,2025-09-12,PM,B,15:00,23:00,8,0.9974482,37,0
5,N005,567,2025-09-13,Flex4,C,12:00,19:00,7,0.9974482,37,0
5,N005,570,2025-09-21,Flex2,C,10:00,15:00,5,0.9974482,38,0
5,N005,575,2025-10-04,Flex5,C,07:00,15:00,8,0.9974482,40,1
5,N005,576,2025-10-05,Flex5,B,07:00,15:00,8,0.9974482,40,1
5,N005,577,2025-09-11,Night,B,20:00,08:00,12,0.9974482,37,0
5,N005,578,2025-09-13,Flex4,B,12:00,19:00,7,0.9974482,37,0
5,N005,579,2025-09-15,Flex6,C,07:00,19:00,12,0.9974482,38,0
5,N005,582,2025-09-26,Night,C,20:00,08:00,12,0.9974482,39,1
5,N005,583,2025-09-27,Flex3,B,09:00,15:00,6,0.9974482,39,1
5,N005,588,2025-09-19,Flex3,B,09:00,15:00,6,0.9974482,38,0
5,N005,596,2025-09-11,Flex4,B,12:00,19:00,7,0.9974482,37,0
5,N005,597,2025-09-12,Flex4,B,12:00,19:00,7,0.9974482,37,0
5,N005,599,2025-09-16,AM,C,07:00,15:00,8,0.9974482,38,0
5,N005,600,2025-09-17,PM,C,15:00,23:00,8,0.9974482,38,0
5,N005,602,2025-09-20,Flex2,B,10:00,15:00,5,0.9974482,38,0
5,N005,605,2025-09-27,Flex5,C,07:00,15:00,8,0.9974482,39,1
5,N005,609,2025-09-12,Flex2,B,10:00,15:00,5,0.9974482,37,0
5,N005,611,2025-09-14,Night,B,20:00,08:00,12,0.9974482,37,0
5,N005,613,2025-09-18,Flex5,ICU,07:00,15:00,8,0.9974482,38,0
5,N005,617,2025-09-30,Flex3,C,09:00,15:00,6,0.9974482,40,1
5,N005,619,2025-10-03,Flex3,B,09:00,15:00,6,0.9974482,40,1
5,N005,621,2025-09-09,Flex2,B,10:00,15:00,5,0.9974482,37,0
5,N005,622,2025-09-10,Flex5,B,07:00,15:00,8,0.9974482,37,0
5,N005,623,2025-09-11,Flex4,C,12:00,19:00,7,0.9974482,37,0
5,N005,624,2025-09-13,PM,B,15:00,23:00,8,0.9974482,37,0
5,N005,625,2025-09-14,Flex4,C,12:00,19:00,7,0.9974482,37,0
5,N005,628,2025-09-21,Flex6,C,07:00,19:00,12,0.9974482,38,0
5,N005,629,2025-09-22,Flex6,B,07:00,19:00,12,0.9974482,39,1
5,N005,631,2025-09-25,Flex1,B,07:00,11:00,4,0.9974482,39,1
5,N005,633,2025-09-28,PM,C,15:00,23:00,8,0.9974482,39,1
5,N005,637,2025-09-10,Flex2,B,10:00,15:00,5,0.9974482,37,0
5,N005,642,2025-09-23,Flex2,C,10:00,15:00,5,0.9974482,39,1
5,N005,644,2025-09-29,Flex4,B,12:00,19:00,7,0.9974482,40,1
5,N005,645,2025-09-30,Flex6,C,07:00,19:00,12,0.9974482,40,1
5,N005,646,2025-10-01,Flex5,C,07:00,15:00,8,0.9974482,40,1
5,N005,648,2025-09-10,Flex3,B,09:00,15:00,6,0.9974482,37,0
5,N005,649,2025-09-11,Flex2,B,10:00,15:00,5,0.9974482,37,0
5,N005,653,2025-09-17,Flex6,B,07:00,19:00,12,0.9974482,38,0
5,N005,655,2025-09-19,PM,B,15:00,23:00,8,0.9974482,38,0
5,N005,657,2025-09-23,Flex1,B,07:00,11:00,4,0.9974482,39,1
5,N005,658,2025-09-29,Flex4,C,12:00,19:00,7,0.9974482,40,1
5,N005,659,2025-10-04,Flex2,B,10:00,15:00,5,0.9974482,40,1
5,N005,665,2025-09-24,Flex3,C,09:00,15:00,6,0.9974482,39,1
5,N005,666,2025-09-27,PM,C,15:00,23:00,8,0.9974482,39,1
5,N005,668,2025-10-01,Flex3,C,09:00,15:00,6,0.9974482,40,1
5,N005,672,2025-09-15,PM,C,15:00,23:00,8,0.9974482,38,0
5,N005,674,2025-09-18,Flex2,B,10:00,15:00,5,0.9974482,38,0
5,N005,675,2025-09-26,Flex1,C,07:00,11:00,4,0.9974482,39,1
5,N005,677,2025-09-30,Flex4,C,12:00,19:00,7,0.9974482,40,1
5,N005,679,2025-10-02,Night,C,20:00,08:00,12,0.9974482,40,1
5,N005,680,2025-09-08,Flex5,C,07:00,15:00,8,0.9974482,37,0
5,N005,681,2025-09-11,Flex5,C,07:00,15:00,8,0.9974482,37,0
5,N005,683,2025-09-19,Night,C,20:00,08:00,12,0.9974482,38,0
5,N005,685,2025-09-21,Flex3,B,09:00,15:00,6,0.9974482,38,0
5,N005,686,2025-09-22,Flex4,B,12:00,19:00,7,0.9974482,39,1
5,N005,687,2025-09-23,Flex2,B,10:00,15:00,5,0.9974482,39,1
5,N005,688,2025-09-24,Flex5,C,07:00,15:00,8,0.9974482,39,1
5,N005,689,2025-09-27,Flex4,B,12:00,19:00,7,0.9974482,39,1
5,N005,693,2025-09-12,PM,C,15:00,23:00,8,0.9974482,37,0
5,N005,696,2025-09-17,AM,C,07:00,15:00,8,0.9974482,38,0
5,N005,697,2025-09-18,Flex6,B,07:00,19:00,12,0.9974482,38,0
5,N005,700,2025-09-29,AM,C,07:00,15:00,8,0.9974482,40,1
5,N005,701,2025-10-03,PM,B,15:00,23:00,8,0.9974482,40,1
5,N005,702,2025-10-04,Flex2,C,10:00,15:00,5,0.9974482,40,1
5,N005,703,2025-10-05,Flex2,B,10:00,15:00,5,0.9974482,40,1
5,N005,704,2025-09-11,Flex1,C,07:00,11:00,4,0.9974482,37,0
5,N005,706,2025-09-15,Flex4,C,12:00,19:00,7,0.9974482,38,0
5,N005,709,2025-09-21,Flex2,B,10:00,15:00,5,0.9974482,38,0
5,N005,710,2025-09-23,Flex1,C,07:00,11:00,4,0.9974482,39,1
5,N005,711,2025-09-26,Flex6,B,07:00,19:00,12,0.9974482,39,1
5,N005,715,2025-10-04,Flex4,B,12:00,19:00,7,0.9974482,40,1
5,N005,716,2025-09-10,Flex3,C,09:00,15:00,6,0.9974482,37,0
5,N005,717,2025-09-17,AM,B,07:00,15:00,8,0.9974482,38,0
5,N005,718,2025-09-19,Flex3,C,09:00,15:00,6,0.9974482,38,0
5,N005,719,2025-09-20,PM,B,15:00,23:00,8,0.9974482,38,0
5,N005,720,2025-09-22,Flex6,C,07:00,19:00,12,0.9974482,39,1
5,N005,722,2025-10-01,Night,B,20:00,08:00,12,0.9974482,40,1
6,N008,45,2025-09-13,Flex6,C,07:00,19:00,12,0.9974482,37,0
6,N008,60,2025-09-28,Flex2,C,10:00,15:00,5,0.9974482,39,1
6,N008,62,2025-09-30,PM,ICU,15:00,23:00,8,0.9974482,40,1
6,N008,108,2025-09-20,Flex5,C,07:00,15:00,8,0.9974482,38,0
6,N008,116,2025-09-30,PM,C,15:00,23:00,8,0.9974482,40,1
6,N008,117,2025-10-01,Flex1,B,07:00,11:00,4,0.9974482,40,1
6,N008,121,2025-10-05,Flex1,C,07:00,11:00,4,0.9974482,40,1
6,N008,126,2025-09-14,AM,C,07:00,15:00,8,0.9974482,37,0
6,N008,136,2025-09-24,Flex4,C,12:00,19:00,7,0.9974482,39,1
6,N008,137,2025-09-25,Flex4,B,12:00,19:00,7,0.9974482,39,1
6,N008,143,2025-10-02,Flex1,B,07:00,11:00,4,0.9974482,40,1
6,N008,145,2025-10-05,Flex1,B,07:00,11:00,4,0.9974482,40,1
6,N008,153,2025-09-16,Flex2,B,10:00,15:00,5,0.9974482,38,0
6,N008,154,2025-09-17,Flex1,C,07:00,11:00,4,0.9974482,38,0
6,N008,155,2025-09-18,Flex6,C,07:00,19:00,12,0.9974482,38,0
6,N008,158,2025-09-21,Flex4,C,12:00,19:00,7,0.9974482,38,0
6,N008,159,2025-09-22,PM,B,15:00,23:00,8,0.9974482,39,1
6,N008,161,2025-09-24,Flex2,B,10:00,15:00,5,0.9974482,39,1
6,N008,162,2025-09-25,PM,B,15:00,23:00,8,0.9974482,39,1
6,N008,165,2025-09-28,PM,B,15:00,23:00,8,0.9974482,39,1
6,N008,166,2025-09-29,Flex2,C,10:00,15:00,5,0.9974482,40,1
6,N008,169,2025-10-02,Night,B,20:00,08:00,12,0.9974482,40,1
6,N008,170,2025-10-03,Flex6,C,07:00,19:00,12,0.9974482,40,1
6,N008,172,2025-09-08,AM,C,07:00,15:00,8,0.9974482,37,0
6,N008,176,2025-09-13,Night,C,20:00,08:00,12,0.9974482,37,0
6,N008,178,2025-09-15,Night,C,20:00,08:00,12,0.9974482,38,0
6,N008,179,2025-09-16,Flex2,C,10:00,15:00,5,0.9974482,38,0
6,N008,180,2025-09-18,Night,C,20:00,08:00,12,0.9974482,38,0
6,N008,186,2025-09-26,Flex2,B,10:00,15:00,5,0.9974482,39,1
6,N008,188,2025-09-28,Flex2,B,10:00,15:00,5,0.9974482,39,1
6,N008,189,2025-09-29,PM,C,15:00,23:00,8,0.9974482,40,1
6,N008,190,2025-09-30,Flex1,B,07:00,11:00,4,0.9974482,40,1
6,N008,193,2025-10-03,Flex3,C,09:00,15:00,6,0.9974482,40,1
6,N008,195,2025-10-05,Flex2,C,10:00,15:00,5,0.9974482,40,1
6,N008,199,2025-09-11,PM,B,15:00,23:00,8,0.9974482,37,0
6,N008,200,2025-09-12,Flex3,C,09:00,15:00,6,0.9974482,37,0
6,N008,208,2025-09-20,PM,C,15:00,23:00,8,0.9974482,38,0
6,N008,209,2025-09-21,Flex4,B,12:00,19:00,7,0.9974482,38,0
6,N008,216,2025-09-30,Night,B,20:00,08:00,12,0.9974482,40,1
6,N008,221,2025-09-09,Flex1,C,07:00,11:00,4,0.9974482,37,0
6,N008,224,2025-09-12,Flex1,B,07:00,11:00,4,0.9974482,37,0
6,N008,228,2025-09-19,PM,C,15:00,23:00,8,0.9974482,38,0
6,N008,236,2025-09-28,Flex4,B,12:00,19:00,7,0.9974482,39,1
6,N008,242,2025-10-05,PM,B,15:00,23:00,8,0.9974482,40,1
6,N008,244,2025-09-10,Flex6,C,07:00,19:00,12,0.9974482,37,0
6,N008,246,2025-09-13,Flex1,B,07:00,11:00,4,0.9974482,37,0
6,N008,248,2025-09-15,PM,B,15:00,23:00,8,0.9974482,38,0
6,N008,249,2025-09-16,Flex4,B,12:00,19:00,7,0.9974482,38,0
6,N008,251,2025-09-18,AM,C,07:00,15:00,8,0.9974482,38,0
6,N008,253,2025-09-20,Flex3,B,09:00,15:00,6,0.9974482,38,0
6,N008,254,2025-09-22,Flex5,C,07:00,15:00,8,0.9974482,39,1
6,N008,255,2025-09-23,Flex6,B,07:00,19:00,12,0.9974482,39,1
6,N008,256,2025-09-24,Flex2,C,10:00,15:00,5,0.9974482,39,1
6,N008,261,2025-09-30,PM,B,15:00,23:00,8,0.9974482,40,1
6,N008,268,2025-09-09,PM,B,15:00,23:00,8,0.9974482,37,0
6,N008,274,2025-09-17,Flex2,B,10:00,15:00,5,0.9974482,38,0
6,N008,275,2025-09-18,Flex4,B,12:00,19:00,7,0.9974482,38,0
6,N008,277,2025-09-21,Night,C,20:00,08:00,12,0.9974482,38,0
6,N008,281,2025-09-27,Flex3,C,09:00,15:00,6,0.9974482,39,1
6,N008,282,2025-09-28,Flex3,C,09:00,15:00,6,0.9974482,39,1
6,N008,283,2025-10-01,AM,C,07:00,15:00,8,0.9974482,40,1
6,N008,284,2025-10-02,Flex4,B,12:00,19:00,7,0.9974482,40,1
6,N008,286,2025-10-05,PM,C,15:00,23:00,8,0.9974482,40,1
6,N008,292,2025-09-15,Flex3,B,09:00,15:00,6,0.9974482,38,0
6,N008,293,2025-09-17,Night,C,20:00,08:00,12,0.9974482,38,0
6,N008,296,2025-09-23,Flex3,C,09:00,15:00,6,0.9974482,39,1
6,N008,297,2025-09-24,Flex3,B,09:00,15:00,6,0.9974482,39,1
6,N008,298,2025-09-25,Flex3,C,09:00,15:00,6,0.9974482,39,1
6,N008,301,2025-09-28,Flex1,B,07:00,11:00,4,0.9974482,39,1
6,N008,302,2025-10-01,Flex4,B,12:00,19:00,7,0.9974482,40,1
6,N008,303,2025-10-03,Flex1,B,07:00,11:00,4,0.9974482,40,1
6,N008,307,2025-09-11,Flex3,C,09:00,15:00,6,0.9974482,37,0
6,N008,310,2025-09-15,Flex1,C,07:00,11:00,4,0.9974482,38,0
6,N008,313,2025-09-20,Flex1,B,07:00,11:00,4,0.9974482,38,0
6,N008,318,2025-09-27,Flex1,C,07:00,11:00,4,0.9974482,39,1
6,N008,319,2025-09-28,Flex6,C,07:00,19:00,12,0.9974482,39,1
6,N008,320,2025-09-29,Flex6,B,07:00,19:00,12,0.9974482,40,1
6,N008,323,2025-10-02,Flex6,C,07:00,19:00,12,0.9974482,40,1
6,N008,324,2025-10-03,Flex4,C,12:00,19:00,7,0.9974482,40,1
6,N008,326,2025-10-05,Flex3,B,09:00,15:00,6,0.9974482,40,1
6,N008,330,2025-09-15,AM,C,07:00,15:00,8,0.9974482,38,0
6,N008,339,2025-09-27,Flex6,C,07:00,19:00,12,0.9974482,39,1
6,N008,343,2025-10-01,Flex4,C,12:00,19:00,7,0.9974482,40,1
6,N008,346,2025-09-08,Flex6,C,07:00,19:00,12,0.9974482,37,0
6,N008,347,2025-09-09,Flex1,B,07:00,11:00,4,0.9974482,37,0
6,N008,348,2025-09-12,Flex3,B,09:00,15:00,6,0.9974482,37,0
6,N008,349,2025-09-14,Flex4,B,12:00,19:00,7,0.9974482,37,0
6,N008,352,2025-09-18,Flex1,C,07:00,11:00,4,0.9974482,38,0
6,N008,353,2025-09-22,Flex1,C,07:00,11:00,4,0.9974482,39,1
6,N008,358,2025-09-29,Night,B,20:00,08:00,12,0.9974482,40,1
6,N008,359,2025-10-01,Flex6,B,07:00,19:00,12,0.9974482,40,1
6,N008,360,2025-10-04,Flex3,B,09:00,15:00,6,0.9974482,40,1
6,N008,367,2025-09-17,Flex3,B,09:00,15:00,6,0.9974482,38,0
6,N008,368,2025-09-18,Flex3,C,09:00,15:00,6,0.9974482,38,0
6,N008,375,2025-09-29,Flex6,C,07:00,19:00,12,0.9974482,40,1
6,N008,376,2025-09-30,AM,C,07:00,15:00,8,0.9974482,40,1
6,N008,378,2025-10-02,PM,C,15:00,23:00,8,0.9974482,40,1
6,N008,379,2025-10-04,Flex3,C,09:00,15:00,6,0.9974482,40,1
6,N008,380,2025-09-08,Flex6,B,07:00,19:00,12,0.9974482,37,0
6,N008,382,2025-09-11,Night,C,20:00,08:00,12,0.9974482,37,0
6,N008,383,2025-09-13,Flex1,C,07:00,11:00,4,0.9974482,37,0
6,N008,388,2025-09-19,AM,C,07:00,15:00,8,0.9974482,38,0
6,N008,390,2025-09-22,Night,C,20:00,08:00,12,0.9974482,39,1
6,N008,392,2025-09-24,PM,B,15:00,23:00,8,0.9974482,39,1
6,N008,394,2025-09-27,Flex5,B,07:00,15:00,8,0.9974482,39,1
6,N008,396,2025-09-29,PM,B,15:00,23:00,8,0.9974482,40,1
6,N008,398,2025-10-04,Night,C,20:00,08:00,12,0.9974482,40,1
6,N008,404,2025-09-21,Flex3,C,09:00,15:00,6,0.9974482,38,0
6,N008,408,2025-09-25,Flex6,C,07:00,19:00,12,0.9974482,39,1
6,N008,413,2025-09-30,Night,C,20:00,08:00,12,0.9974482,40,1
6,N008,414,2025-10-01,Flex1,C,07:00,11:00,4,0.9974482,40,1
6,N008,415,2025-10-02,Flex2,C,10:00,15:00,5,0.9974482,40,1
6,N008,417,2025-09-09,Flex6,C,07:00,19:00,12,0.9974482,37,0
6,N008,420,2025-09-15,Flex1,B,07:00,11:00,4,0.9974482,38,0
6,N008,422,2025-09-17,Flex6,C,07:00,19:00,12,0.9974482,38,0
6,N008,425,2025-09-21,Flex1,C,07:00,11:00,4,0.9974482,38,0
6,N008,435,2025-09-10,Night,C,20:00,08:00,12,0.9974482,37,0
6,N008,446,2025-09-30,Flex2,C,10:00,15:00,5,0.9974482,40,1
6,N008,472,2025-09-12,Night,C,20:00,08:00,12,0.9974482,37,0
6,N008,474,2025-09-16,PM,C,15:00,23:00,8,0.9974482,38,0
6,N008,476,2025-09-20,Night,C,20:00,08:00,12,0.9974482,38,0
6,N008,484,2025-10-01,Night,C,20:00,08:00,12,0.9974482,40,1
6,N008,487,2025-09-08,Flex2,C,10:00,15:00,5,0.9974482,37,0
6,N008,489,2025-09-10,PM,C,15:00,23:00,8,0.9974482,37,0
6,N008,490,2025-09-12,Flex5,C,07:00,15:00,8,0.9974482,37,0
6,N008,496,2025-09-24,PM,C,15:00,23:00,8,0.9974482,39,1
6,N008,503,2025-10-04,Flex1,C,07:00,11:00,4,0.9974482,40,1
6,N008,505,2025-09-08,Flex3,C,09:00,15:00,6,0.9974482,37,0
6,N008,507,2025-09-11,Flex6,C,07:00,19:00,12,0.9974482,37,0
6,N008,508,2025-09-12,Flex2,C,10:00,15:00,5,0.9974482,37,0
6,N008,514,2025-09-27,Night,C,20:00,08:00,12,0.9974482,39,1
6,N008,518,2025-10-03,Flex2,C,10:00,15:00,5,0.9974482,40,1
6,N008,520,2025-10-05,Flex5,C,07:00,15:00,8,0.9974482,40,1
6,N008,522,2025-09-13,Flex5,C,07:00,15:00,8,0.9974482,37,0
6,N008,528,2025-09-26,Flex4,C,12:00,19:00,7,0.9974482,39,1
6,N008,535,2025-09-09,Flex2,C,10:00,15:00,5,0.9974482,37,0
6,N008,537,2025-09-13,PM,C,15:00,23:00,8,0.9974482,37,0
6,N008,539,2025-09-16,Flex6,C,07:00,19:00,12,0.9974482,38,0
6,N008,541,2025-09-20,Flex4,C,12:00,19:00,7,0.9974482,38,0
6,N008,543,2025-09-22,PM,C,15:00,23:00,8,0.9974482,39,1
6,N008,552,2025-09-12,Flex6,C,07:00,19:00,12,0.9974482,37,0
6,N008,554,2025-09-14,Flex2,C,10:00,15:00,5,0.9974482,37,0
6,N008,561,2025-09-30,Flex1,C,07:00,11:00,4,0.9974482,40,1
6,N008,563,2025-10-03,PM,C,15:00,23:00,8,0.9974482,40,1
6,N008,567,2025-09-13,Flex4,C,12:00,19:00,7,0.9974482,37,0
6,N008,570,2025-09-21,Flex2,C,10:00,15:00,5,0.9974482,38,0
6,N008,579,2025-09-15,Flex6,C,07:00,19:00,12,0.9974482,38,0
6,N008,582,2025-09-26,Night,C,20:00,08:00,12,0.9974482,39,1
6,N008,599,2025-09-16,AM,C,07:00,15:00,8,0.9974482,38,0
6,N008,600,2025-09-17,PM,C,15:00,23:00,8,0.9974482,38,0
6,N008,617,2025-09-30,Flex3,C,09:00,15:00,6,0.9974482,40,1
6,N008,623,2025-09-11,Flex4,C,12:00,19:00,7,0.9974482,37,0
6,N008,625,2025-09-14,Flex4,C,12:00,19:00,7,0.9974482,37,0
6,N008,628,2025-09-21,Flex6,C,07:00,19:00,12,0.9974482,38,0
6,N008,633,2025-09-28,PM,C,15:00,23:00,8,0.9974482,39,1
6,N008,642,2025-09-23,Flex2,C,10:00,15:00,5,0.9974482,39,1
6,N008,645,2025-09-30,Flex6,C,07:00,19:00,12,0.9974482,40,1
6,N008,658,2025-09-29,Flex4,C,12:00,19:00,7,0.9974482,40,1
6,N008,665,2025-09-24,Flex3,C,09:00,15:00,6,0.9974482,39,1
6,N008,666,2025-09-27,PM,C,15:00,23:00,8,0.9974482,39,1
6,N008,668,2025-10-01,Flex3,C,09:00,15:00,6,0.9974482,40,1
6,N008,672,2025-09-15,PM,C,15:00,23:00,8,0.9974482,38,0
6,N008,675,2025-09-26,Flex1,C,07:00,11:00,4,0.9974482,39,1
6,N008,677,2025-09-30,Flex4,C,12:00,19:00,7,0.9974482,40,1
6,N008,679,2025-10-02,Night,C,20:00,08:00,12,0.9974482,40,1
6,N008,681,2025-09-11,Flex5,C,07:00,15:00,8,0.9974482,37,0
6,N008,683,2025-09-19,Night,C,20:00,08:00,12,0.9974482,38,0
6,N008,688,2025-09-24,Flex5,C,07:00,15:00,8,0.9974482,39,1
6,N008,693,2025-09-12,PM,C,15:00,23:00,8,0.9974482,37,0
6,N008,696,2025-09-17,AM,C,07:00,15:00,8,0.9974482,38,0
6,N008,700,2025-09-29,AM,C,07:00,15:00,8,0.9974482,40,1
6,N008,702,2025-10-04,Flex2,C,10:00,15:00,5,0.9974482,40,1
6,N008,704,2025-09-11,Flex1,C,07:00,11:00,4,0.9974482,37,0
6,N008,706,2025-09-15,Flex4,C,12:00,19:00,7,0.9974482,38,0
6,N008,710,2025-09-23,Flex1,C,07:00,11:00,4,0.9974482,39,1
6,N008,716,2025-09-10,Flex3,C,09:00,15:00,6,0.9974482,37,0
6,N008,718,2025-09-19,Flex3,C,09:00,15:00,6,0.9974482,38,0
6,N008,720,2025-09-22,Flex6,C,07:00,19:00,12,0.9974482,39,1
7,N020,45,2025-09-13,Flex6,C,07:00,19:00,12,0.9974482,37,0
7,N020,63,2025-10-01,Flex3,ICU,09:00,15:00,6,0.9974482,40,1
7,N020,64,2025-10-02,Flex2,B,10:00,15:00,5,0.9974482,40,1
7,N020,108,2025-09-20,Flex5,C,07:00,15:00,8,0.9974482,38,0
7,N020,116,2025-09-30,PM,C,15:00,23:00,8,0.9974482,40,1
7,N020,121,2025-10-05,Flex1,C,07:00,11:00,4,0.9974482,40,1
7,N020,136,2025-09-24,Flex4,C,12:00,19:00,7,0.9974482,39,1
7,N020,154,2025-09-17,Flex1,C,07:00,11:00,4,0.9974482,38,0
7,N020,155,2025-09-18,Flex6,C,07:00,19:00,12,0.9974482,38,0
7,N020,158,2025-09-21,Flex4,C,12:00,19:00,7,0.9974482,38,0
7,N020,166,2025-09-29,Flex2,C,10:00,15:00,5,0.9974482,40,1
7,N020,170,2025-10-03,Flex6,C,07:00,19:00,12,0.9974482,40,1
7,N020,176,2025-09-13,Night,C,20:00,08:00,12,0.9974482,37,0
7,N020,178,2025-09-15,Night,C,20:00,08:00,12,0.9974482,38,0
7,N020,179,2025-09-16,Flex2,C,10:00,15:00,5,0.9974482,38,0
7,N020,180,2025-09-18,Night,C,20:00,08:00,12,0.9974482,38,0
7,N020,189,2025-09-29,PM,C,15:00,23:00,8,0.9974482,40,1
7,N020,193,2025-10-03,Flex3,C,09:00,15:00,6,0.9974482,40,1
7,N020,195,2025-10-05,Flex2,C,10:00,15:00,5,0.9974482,40,1
7,N020,200,2025-09-12,Flex3,C,09:00,15:00,6,0.9974482,37,0
7,N020,208,2025-09-20,PM,C,15:00,23:00,8,0.9974482,38,0
7,N020,221,2025-09-09,Flex1,C,07:00,11:00,4,0.9974482,37,0
7,N020,228,2025-09-19,PM,C,15:00,23:00,8,0.9974482,38,0
7,N020,244,2025-09-10,Flex6,C,07:00,19:00,12,0.9974482,37,0
7,N020,251,2025-09-18,AM,C,07:00,15:00,8,0.9974482,38,0
7,N020,254,2025-09-22,Flex5,C,07:00,15:00,8,0.9974482,39,1
7,N020,256,2025-09-24,Flex2,C,10:00,15:00,5,0.9974482,39,1
7,N020,277,2025-09-21,Night,C,20:00,08:00,12,0.9974482,38,0
7,N020,281,2025-09-27,Flex3,C,09:00,15:00,6,0.9974482,39,1
7,N020,282,2025-09-28,Flex3,C,09:00,15:00,6,0.9974482,39,1
7,N020,286,2025-10-05,PM,C,15:00,23:00,8,0.9974482,40,1
7,N020,293,2025-09-17,Night,C,20:00,08:00,12,0.9974482,38,0
7,N020,296,2025-09-23,Flex3,C,09:00,15:00,6,0.9974482,39,1
7,N020,298,2025-09-25,Flex3,C,09:00,15:00,6,0.9974482,39,1
7,N020,307,2025-09-11,Flex3,C,09:00,15:00,6,0.9974482,37,0
7,N020,310,2025-09-15,Flex1,C,07:00,11:00,4,0.9974482,38,0
7,N020,318,2025-09-27,Flex1,C,07:00,11:00,4,0.9974482,39,1
7,N020,319,2025-09-28,Flex6,C,07:00,19:00,12,0.9974482,39,1
7,N020,323,2025-10-02,Flex6,C,07:00,19:00,12,0.9974482,40,1
7,N020,324,2025-10-03,Flex4,C,12:00,19:00,7,0.9974482,40,1
7,N020,330,2025-09-15,AM,C,07:00,15:00,8,0.9974482,38,0
7,N020,339,2025-09-27,Flex6,C,07:00,19:00,12,0.9974482,39,1
7,N020,343,2025-10-01,Flex4,C,12:00,19:00,7,0.9974482,40,1
7,N020,346,2025-09-08,Flex6,C,07:00,19:00,12,0.9974482,37,0
7,N020,352,2025-09-18,Flex1,C,07:00,11:00,4,0.9974482,38,0
7,N020,353,2025-09-22,Flex1,C,07:00,11:00,4,0.9974482,39,1
7,N020,368,2025-09-18,Flex3,C,09:00,15:00,6,0.9974482,38,0
7,N020,375,2025-09-29,Flex6,C,07:00,19:00,12,0.9974482,40,1
7,N020,376,2025-09-30,AM,C,07:00,15:00,8,0.9974482,40,1
7,N020,382,2025-09-11,Night,C,20:00,08:00,12,0.9974482,37,0
7,N020,383,2025-09-13,Flex1,C,07:00,11:00,4,0.9974482,37,0
7,N020,390,2025-09-22,Night,C,20:00,08:00,12,0.9974482,39,1
7,N020,398,2025-10-04,Night,C,20:00,08:00,12,0.9974482,40,1
7,N020,404,2025-09-21,Flex3,C,09:00,15:00,6,0.9974482,38,0
7,N020,408,2025-09-25,Flex6,C,07:00,19:00,12,0.9974482,39,1
7,N020,413,2025-09-30,Night,C,20:00,08:00,12,0.9974482,40,1
7,N020,414,2025-10-01,Flex1,C,07:00,11:00,4,0.9974482,40,1
7,N020,415,2025-10-02,Flex2,C,10:00,15:00,5,0.9974482,40,1
7,N020,417,2025-09-09,Flex6,C,07:00,19:00,12,0.9974482,37,0
7,N020,422,2025-09-17,Flex6,C,07:00,19:00,12,0.9974482,38,0
7,N020,425,2025-09-21,Flex1,C,07:00,11:00,4,0.9974482,38,0
7,N020,446,2025-09-30,Flex2,C,10:00,15:00,5,0.9974482,40,1
7,N020,472,2025-09-12,Night,C,20:00,08:00,12,0.9974482,37,0
7,N020,474,2025-09-16,PM,C,15:00,23:00,8,0.9974482,38,0
7,N020,484,2025-10-01,Night,C,20:00,08:00,12,0.9974482,40,1
7,N020,487,2025-09-08,Flex2,C,10:00,15:00,5,0.9974482,37,0
7,N020,489,2025-09-10,PM,C,15:00,23:00,8,0.9974482,37,0
7,N020,490,2025-09-12,Flex5,C,07:00,15:00,8,0.9974482,37,0
7,N020,503,2025-10-04,Flex1,C,07:00,11:00,4,0.9974482,40,1
7,N020,505,2025-09-08,Flex3,C,09:00,15:00,6,0.9974482,37,0
7,N020,507,2025-09-11,Flex6,C,07:00,19:00,12,0.9974482,37,0
7,N020,508,2025-09-12,Flex2,C,10:00,15:00,5,0.9974482,37,0
7,N020,514,2025-09-27,Night,C,20:00,08:00,12,0.9974482,39,1
7,N020,528,2025-09-26,Flex4,C,12:00,19:00,7,0.9974482,39,1
7,N020,537,2025-09-13,PM,C,15:00,23:00,8,0.9974482,37,0
7,N020,539,2025-09-16,Flex6,C,07:00,19:00,12,0.9974482,38,0
7,N020,541,2025-09-20,Flex4,C,12:00,19:00,7,0.9974482,38,0
7,N020,543,2025-09-22,PM,C,15:00,23:00,8,0.9974482,39,1
7,N020,552,2025-09-12,Flex6,C,07:00,19:00,12,0.9974482,37,0
7,N020,554,2025-09-14,Flex2,C,10:00,15:00,5,0.9974482,37,0
7,N020,567,2025-09-13,Flex4,C,12:00,19:00,7,0.9974482,37,0
7,N020,570,2025-09-21,Flex2,C,10:00,15:00,5,0.9974482,38,0
7,N020,579,2025-09-15,Flex6,C,07:00,19:00,12,0.9974482,38,0
7,N020,582,2025-09-26,Night,C,20:00,08:00,12,0.9974482,39,1
7,N020,599,2025-09-16,AM,C,07:00,15:00,8,0.9974482,38,0
7,N020,600,2025-09-17,PM,C,15:00,23:00,8,0.9974482,38,0
7,N020,617,2025-09-30,Flex3,C,09:00,15:00,6,0.9974482,40,1
7,N020,623,2025-09-11,Flex4,C,12:00,19:00,7,0.9974482,37,0
7,N020,625,2025-09-14,Flex4,C,12:00,19:00,7,0.9974482,37,0
7,N020,628,2025-09-21,Flex6,C,07:00,19:00,12,0.9974482,38,0
7,N020,658,2025-09-29,Flex4,C,12:00,19:00,7,0.9974482,40,1
7,N020,665,2025-09-24,Flex3,C,09:00,15:00,6,0.9974482,39,1
7,N020,666,2025-09-27,PM,C,15:00,23:00,8,0.9974482,39,1
7,N020,668,2025-10-01,Flex3,C,09:00,15:00,6,0.9974482,40,1
7,N020,672,2025-09-15,PM,C,15:00,23:00,8,0.9974482,38,0
7,N020,675,2025-09-26,Flex1,C,07:00,11:00,4,0.9974482,39,1
7,N020,677,2025-09-30,Flex4,C,12:00,19:00,7,0.9974482,40,1
7,N020,679,2025-10-02,Night,C,20:00,08:00,12,0.9974482,40,1
7,N020,688,2025-09-24,Flex5,C,07:00,15:00,8,0.9974482,39,1
7,N020,693,2025-09-12,PM,C,15:00,23:00,8,0.9974482,37,0
7,N020,696,2025-09-17,AM,C,07:00,15:00,8,0.9974482,38,0
7,N020,700,2025-09-29,AM,C,07:00,15:00,8,0.9974482,40,1
7,N020,702,2025-10-04,Flex2,C,10:00,15:00,5,0.9974482,40,1
7,N020,704,2025-09-11,Flex1,C,07:00,11:00,4,0.9974482,37,0
7,N020,716,2025-09-10,Flex3,C,09:00,15:00,6,0.9974482,37,0
7,N020,718,2025-09-19,Flex3,C,09:00,15:00,6,0.9974482,38,0
8,N027,45,2025-09-13,Flex6,C,07:00,19:00,12,0.9974482,37,0
8,N027,64,2025-10-02,Flex2,B,10:00,15:00,5,0.9974482,40,1
8,N027,65,2025-10-03,AM,B,07:00,15:00,8,0.9974482,40,1
8,N027,136,2025-09-24,Flex4,C,12:00,19:00,7,0.9974482,39,1
8,N027,158,2025-09-21,Flex4,C,12:00,19:00,7,0.9974482,38,0
8,N027,178,2025-09-15,Night,C,20:00,08:00,12,0.9974482,38,0
8,N027,193,2025-10-03,Flex3,C,09:00,15:00,6,0.9974482,40,1
8,N027,200,2025-09-12,Flex3,C,09:00,15:00,6,0.9974482,37,0
8,N027,208,2025-09-20,PM,C,15:00,23:00,8,0.9974482,38,0
8,N027,228,2025-09-19,PM,C,15:00,23:00,8,0.9974482,38,0
8,N027,251,2025-09-18,AM,C,07:00,15:00,8,0.9974482,38,0
8,N027,254,2025-09-22,Flex5,C,07:00,15:00,8,0.9974482,39,1
8,N027,256,2025-09-24,Flex2,C,10:00,15:00,5,0.9974482,39,1
8,N027,277,2025-09-21,Night,C,20:00,08:00,12,0.9974482,38,0
8,N027,281,2025-09-27,Flex3,C,09:00,15:00,6,0.9974482,39,1
8,N027,282,2025-09-28,Flex3,C,09:00,15:00,6,0.9974482,39,1
8,N027,293,2025-09-17,Night,C,20:00,08:00,12,0.9974482,38,0
8,N027,296,2025-09-23,Flex3,C,09:00,15:00,6,0.9974482,39,1
8,N027,298,2025-09-25,Flex3,C,09:00,15:00,6,0.9974482,39,1
8,N027,307,2025-09-11,Flex3,C,09:00,15:00,6,0.9974482,37,0
8,N027,318,2025-09-27,Flex1,C,07:00,11:00,4,0.9974482,39,1
8,N027,319,2025-09-28,Flex6,C,07:00,19:00,12,0.9974482,39,1
8,N027,323,2025-10-02,Flex6,C,07:00,19:00,12,0.9974482,40,1
8,N027,324,2025-10-03,Flex4,C,12:00,19:00,7,0.9974482,40,1
8,N027,339,2025-09-27,Flex6,C,07:00,19:00,12,0.9974482,39,1
8,N027,343,2025-10-01,Flex4,C,12:00,19:00,7,0.9974482,40,1
8,N027,346,2025-09-08,Flex6,C,07:00,19:00,12,0.9974482,37,0
8,N027,368,2025-09-18,Flex3,C,09:00,15:00,6,0.9974482,38,0
8,N027,382,2025-09-11,Night,C,20:00,08:00,12,0.9974482,37,0
8,N027,390,2025-09-22,Night,C,20:00,08:00,12,0.9974482,39,1
8,N027,398,2025-10-04,Night,C,20:00,08:00,12,0.9974482,40,1
8,N027,408,2025-09-25,Flex6,C,07:00,19:00,12,0.9974482,39,1
8,N027,413,2025-09-30,Night,C,20:00,08:00,12,0.9974482,40,1
8,N027,414,2025-10-01,Flex1,C,07:00,11:00,4,0.9974482,40,1
8,N027,415,2025-10-02,Flex2,C,10:00,15:00,5,0.9974482,40,1
8,N027,417,2025-09-09,Flex6,C,07:00,19:00,12,0.9974482,37,0
9,N001,46,2025-09-14,Flex3,C,09:00,15:00,6,0.9974482,37,0
9,N001,47,2025-09-15,Flex4,A,12:00,19:00,7,0.9974482,38,0
9,N001,65,2025-10-03,AM,B,07:00,15:00,8,0.9974482,40,1
9,N001,66,2025-10-04,Flex6,C,07:00,19:00,12,0.9974482,40,1
10,N014,46,2025-09-14,Flex3,C,09:00,15:00,6,0.9974482,37,0
10,N014,48,2025-09-16,Night,C,20:00,08:00,12,0.9974482,38,0
10,N014,66,2025-10-04,Flex6,C,07:00,19:00,12,0.9974482,40,1
11,N030,46,2025-09-14,Flex3,C,09:00,15:00,6,0.9974482,37,0
11,N030,48,2025-09-16,Night,C,20:00,08:00,12,0.9974482,38,0
11,N030,66,2025-10-04,Flex6,C,07:00,19:00,12,0.9974482,40,1
12,N017,46,2025-09-14,Flex3,C,09:00,15:00,6,0.9974482,37,0
12,N017,48,2025-09-16,Night,C,20:00,08:00,12,0.9974482,38,0
12,N017,66,2025-10-04,Flex6,C,07:00,19:00,12,0.9974482,40,1
13,N038,48,2025-09-16,Night,C,20:00,08:00,12,0.9974482,38,0
13,N038,67,2025-10-05,Flex4,C,12:00,19:00,7,0.9974482,40,1
13,N038,82,2025-09-22,Flex5,A,07:00,15:00,8,0.9974482,39,1
14,N004,49,2025-09-17,Flex3,A,09:00,15:00,6,0.9974482,38,0
14,N004,50,2025-09-18,Flex4,A,12:00,19:00,7,0.9974482,38,0
14,N004,67,2025-10-05,Flex4,C,12:00,19:00,7,0.9974482,40,1
14,N004,83,2025-09-23,Flex5,C,07:00,15:00,8,0.9974482,39,1
15,N037,51,2025-09-19,Flex1,ICU,07:00,11:00,4,0.9974482,38,0
15,N037,52,2025-09-20,AM,B,07:00,15:00,8,0.9974482,38,0
15,N037,67,2025-10-05,Flex4,C,12:00,19:00,7,0.9974482,40,1
15,N037,83,2025-09-23,Flex5,C,07:00,15:00,8,0.9974482,39,1
16,N011,52,2025-09-20,AM,B,07:00,15:00,8,0.9974482,38,0
16,N011,67,2025-10-05,Flex4,C,12:00,19:00,7,0.9974482,40,1
16,N011,68,2025-09-08,Flex4,C,12:00,19:00,7,0.9974482,37,0
16,N011,83,2025-09-23,Flex5,C,07:00,15:00,8,0.9974482,39,1
17,N013,68,2025-09-08,Flex4,C,12:00,19:00,7,0.9974482,37,0
17,N013,69,2025-09-09,Flex1,ICU,07:00,11:00,4,0.9974482,37,0
17,N013,83,2025-09-23,Flex5,C,07:00,15:00,8,0.9974482,39,1
17,N013,84,2025-09-24,AM,B,07:00,15:00,8,0.9974482,39,1
18,N021,53,2025-09-21,AM,ICU,07:00,15:00,8,0.9974482,38,0
18,N021,68,2025-09-08,Flex4,C,12:00,19:00,7,0.9974482,37,0
18,N021,84,2025-09-24,AM,B,07:00,15:00,8,0.9974482,39,1
18,N021,85,2025-09-25,Night,B,20:00,08:00,12,0.9974482,39,1
19,N022,68,2025-09-08,Flex4,C,12:00,19:00,7,0.9974482,37,0
19,N022,70,2025-09-10,PM,A,15:00,23:00,8,0.9974482,37,0
19,N022,85,2025-09-25,Night,B,20:00,08:00,12,0.9974482,39,1
20,N024,71,2025-09-11,Flex3,A,09:00,15:00,6,0.9974482,37,0
20,N024,72,2025-09-12,Night,B,20:00,08:00,12,0.9974482,37,0
20,N024,86,2025-09-26,PM,A,15:00,23:00,8,0.9974482,39,1
20,N024,87,2025-09-27,PM,B,15:00,23:00,8,0.9974482,39,1
21,N016,72,2025-09-12,Night,B,20:00,08:00,12,0.9974482,37,0
21,N016,87,2025-09-27,PM,B,15:00,23:00,8,0.9974482,39,1
21,N016,88,2025-09-28,Flex5,C,07:00,15:00,8,0.9974482,39,1
22,N040,73,2025-09-13,Flex4,ICU,12:00,19:00,7,0.9974482,37,0
22,N040,74,2025-09-14,Flex2,ICU,10:00,15:00,5,0.9974482,37,0
22,N040,88,2025-09-28,Flex5,C,07:00,15:00,8,0.9974482,39,1
22,N040,89,2025-09-29,Flex5,ICU,07:00,15:00,8,0.9974482,40,1
23,N012,75,2025-09-15,Flex3,A,09:00,15:00,6,0.9974482,38,0
23,N012,76,2025-09-16,Flex4,C,12:00,19:00,7,0.9974482,38,0
23,N012,88,2025-09-28,Flex5,C,07:00,15:00,8,0.9974482,39,1
23,N012,90,2025-09-30,PM,A,15:00,23:00,8,0.9974482,40,1
24,N034,76,2025-09-16,Flex4,C,12:00,19:00,7,0.9974482,38,0
24,N034,77,2025-09-17,Flex4,ICU,12:00,19:00,7,0.9974482,38,0
24,N034,88,2025-09-28,Flex5,C,07:00,15:00,8,0.9974482,39,1
24,N034,91,2025-10-01,Flex2,C,10:00,15:00,5,0.9974482,40,1
25,N029,76,2025-09-16,Flex4,C,12:00,19:00,7,0.9974482,38,0
25,N029,78,2025-09-18,Night,A,20:00,08:00,12,0.9974482,38,0
25,N029,91,2025-10-01,Flex2,C,10:00,15:00,5,0.9974482,40,1
25,N029,92,2025-10-02,Flex3,C,09:00,15:00,6,0.9974482,40,1
26,N028,76,2025-09-16,Flex4,C,12:00,19:00,7,0.9974482,38,0
26,N028,79,2025-09-19,Flex2,A,10:00,15:00,5,0.9974482,38,0
26,N028,91,2025-10-01,Flex2,C,10:00,15:00,5,0.9974482,40,1
26,N028,92,2025-10-02,Flex3,C,09:00,15:00,6,0.9974482,40,1
27,N032,91,2025-10-01,Flex2,C,10:00,15:00,5,0.9974482,40,1
27,N032,92,2025-10-02,Flex3,C,09:00,15:00,6,0.9974482,40,1
27,N032,96,2025-09-08,Flex3,B,09:00,15:00,6,0.9974482,37,0
27,N032,97,2025-09-09,Flex1,A,07:00,11:00,4,0.9974482,37,0
28,N009,92,2025-10-02,Flex3,C,09:00,15:00,6,0.9974482,40,1
28,N009,93,2025-10-03,Night,B,20:00,08:00,12,0.9974482,40,1
28,N009,96,2025-09-08,Flex3,B,09:00,15:00,6,0.9974482,37,0
28,N009,98,2025-09-10,AM,C,07:00,15:00,8,0.9974482,37,0
29,N002,93,2025-10-03,Night,B,20:00,08:00,12,0.9974482,40,1
29,N002,98,2025-09-10,AM,C,07:00,15:00,8,0.9974482,37,0
29,N002,99,2025-09-11,Flex2,C,10:00,15:00,5,0.9974482,37,0
30,N023,94,2025-10-04,PM,A,15:00,23:00,8,0.9974482,40,1
30,N023,95,2025-10-05,Flex1,A,07:00,11:00,4,0.9974482,40,1
30,N023,98,2025-09-10,AM,C,07:00,15:00,8,0.9974482,37,0
30,N023,99,2025-09-11,Flex2,C,10:00,15:00,5,0.9974482,37,0
31,N010,98,2025-09-10,AM,C,07:00,15:00,8,0.9974482,37,0
31,N010,99,2025-09-11,Flex2,C,10:00,15:00,5,0.9974482,37,0
31,N010,110,2025-09-23,Flex2,ICU,10:00,15:00,5,0.9974482,39,1
31,N010,111,2025-09-24,Night,C,20:00,08:00,12,0.9974482,39,1
32,N039,99,2025-09-11,Flex2,C,10:00,15:00,5,0.9974482,37,0
32,N039,100,2025-09-12,Flex4,C,12:00,19:00,7,0.9974482,37,0
32,N039,111,2025-09-24,Night,C,20:00,08:00,12,0.9974482,39,1
33,N033,100,2025-09-12,Flex4,C,12:00,19:00,7,0.9974482,37,0
33,N033,101,2025-09-13,Flex2,C,10:00,15:00,5,0.9974482,37,0
33,N033,111,2025-09-24,Night,C,20:00,08:00,12,0.9974482,39,1
34,N006,100,2025-09-12,Flex4,C,12:00,19:00,7,0.9974482,37,0
34,N006,101,2025-09-13,Flex2,C,10:00,15:00,5,0.9974482,37,0
34,N006,111,2025-09-24,Night,C,20:00,08:00,12,0.9974482,39,1
35,N019,100,2025-09-12,Flex4,C,12:00,19:00,7,0.9974482,37,0
35,N019,101,2025-09-13,Flex2,C,10:00,15:00,5,0.9974482,37,0
35,N019,112,2025-09-25,Flex3,B,09:00,15:00,6,0.9974482,39,1
35,N019,113,2025-09-26,PM,C,15:00,23:00,8,0.9974482,39,1
36,N025,101,2025-09-13,Flex2,C,10:00,15:00,5,0.9974482,37,0
36,N025,102,2025-09-14,PM,C,15:00,23:00,8,0.9974482,37,0
36,N025,112,2025-09-25,Flex3,B,09:00,15:00,6,0.9974482,39,1
36,N025,113,2025-09-26,PM,C,15:00,23:00,8,0.9974482,39,1
37,N015,102,2025-09-14,PM,C,15:00,23:00,8,0.9974482,37,0
37,N015,103,2025-09-15,Flex6,A,07:00,19:00,12,0.9974482,38,0
37,N015,113,2025-09-26,PM,C,15:00,23:00,8,0.9974482,39,1
37,N015,114,2025-09-27,Flex6,B,07:00,19:00,12,0.9974482,39,1
38,N026,102,2025-09-14,PM,C,15:00,23:00,8,0.9974482,37,0
38,N026,104,2025-09-16,AM,ICU,07:00,15:00,8,0.9974482,38,0
38,N026,113,2025-09-26,PM,C,15:00,23:00,8,0.9974482,39,1
38,N026,114,2025-09-27,Flex6,B,07:00,19:00,12,0.9974482,39,1
39,N036,102,2025-09-14,PM,C,15:00,23:00,8,0.9974482,37,0
39,N036,105,2025-09-17,Night,A,20:00,08:00,12,0.9974482,38,0
39,N036,115,2025-09-29,AM,B,07:00,15:00,8,0.9974482,40,1
39,N036,116,2025-09-30,PM,C,15:00,23:00,8,0.9974482,40,1
