nurse_id,date,ward,shift,duration_hours,week,start_time,end_time
N018,2025-06-30,A,Flex1,4,27,14:00,18:00
N035,2025-06-30,A,Flex2,5,27,12:00,17:00
N003,2025-06-30,A,Flex4,7,27,12:00,19:00
N007,2025-06-30,A,Flex4,7,27,12:00,19:00
N031,2025-06-30,A,Flex4,7,27,12:00,19:00
N005,2025-06-30,A,Flex6,12,27,07:00,19:00
N008,2025-06-30,A,Night,12,27,20:00,08:00
N020,2025-06-30,A,Night,12,27,20:00,08:00
N031,2025-06-30,A,Night,12,27,20:00,08:00
N027,2025-06-30,B,Flex1,4,27,08:00,12:00
N001,2025-06-30,B,Flex5,8,27,08:00,16:00
N014,2025-06-30,B,Flex5,8,27,09:00,17:00
N030,2025-06-30,B,Flex5,8,27,08:00,16:00
N017,2025-06-30,B,Flex6,12,27,07:00,19:00
N038,2025-06-30,B,Flex6,12,27,07:00,19:00
N004,2025-06-30,B,PM,8,27,15:00,23:00
N037,2025-06-30,B,PM,8,27,15:00,23:00
N011,2025-06-30,C,AM,8,27,07:00,15:00
N013,2025-06-30,C,Flex4,7,27,12:00,19:00
N017,2025-06-30,C,Flex4,7,27,12:00,19:00
N031,2025-06-30,C,Flex4,7,27,12:00,19:00
N035,2025-06-30,C,Flex6,12,27,07:00,19:00
N021,2025-06-30,C,Night,12,27,20:00,08:00
N038,2025-06-30,C,Night,12,27,20:00,08:00
N022,2025-06-30,C,PM,8,27,15:00,23:00
N022,2025-06-30,ICU,AM,8,27,07:00,15:00
N024,2025-06-30,ICU,Flex2,5,27,09:00,14:00
N016,2025-06-30,ICU,Flex3,6,27,11:00,17:00
N004,2025-06-30,ICU,Flex5,8,27,07:00,15:00
N007,2025-06-30,ICU,Night,12,27,20:00,08:00
N005,2025-06-30,ICU,PM,8,27,15:00,23:00
N035,2025-06-30,ICU,PM,8,27,15:00,23:00
N004,2025-07-01,A,AM,8,27,07:00,15:00
N030,2025-07-01,A,AM,8,27,07:00,15:00
N040,2025-07-01,A,Flex1,4,27,12:00,16:00
N016,2025-07-01,A,Flex4,7,27,12:00,19:00
N021,2025-07-01,A,Flex4,7,27,12:00,19:00
N012,2025-07-01,A,PM,8,27,15:00,23:00
N030,2025-07-01,A,PM,8,27,15:00,23:00
N012,2025-07-01,B,AM,8,27,07:00,15:00
N034,2025-07-01,B,Flex1,4,27,08:00,12:00
N029,2025-07-01,B,Flex2,5,27,10:00,15:00
N022,2025-07-01,B,Flex5,8,27,09:00,17:00
N028,2025-07-01,B,Flex6,12,27,07:00,19:00
N003,2025-07-01,B,Night,12,27,20:00,08:00
N012,2025-07-01,B,PM,8,27,15:00,23:00
N024,2025-07-01,C,Flex2,5,27,11:00,16:00
N027,2025-07-01,C,Flex4,7,27,12:00,19:00
N007,2025-07-01,C,Flex6,12,27,07:00,19:00
N032,2025-07-01,C,Flex6,12,27,07:00,19:00
N009,2025-07-01,ICU,AM,8,27,07:00,15:00
N034,2025-07-01,ICU,Flex2,5,27,10:00,15:00
N035,2025-07-01,ICU,Flex2,5,27,12:00,17:00
N014,2025-07-01,ICU,Flex3,6,27,09:00,15:00
N021,2025-07-01,ICU,Flex3,6,27,11:00,17:00
N017,2025-07-01,ICU,Flex4,7,27,12:00,19:00
N029,2025-07-01,ICU,Flex6,12,27,07:00,19:00
N009,2025-07-01,ICU,Night,12,27,20:00,08:00
N028,2025-07-01,ICU,Night,12,27,20:00,08:00
N002,2025-07-02,A,AM,8,27,07:00,15:00
N024,2025-07-02,A,AM,8,27,07:00,15:00
N032,2025-07-02,A,AM,8,27,07:00,15:00
N009,2025-07-02,A,Flex1,4,27,10:00,14:00
N018,2025-07-02,A,Flex1,4,27,09:00,13:00
N037,2025-07-02,A,Flex1,4,27,14:00,18:00
N027,2025-07-02,A,Flex2,5,27,07:00,12:00
N012,2025-07-02,A,Flex3,6,27,08:00,14:00
N016,2025-07-02,A,Flex3,6,27,11:00,17:00
N023,2025-07-02,A,Flex3,6,27,10:00,16:00
N023,2025-07-02,A,Flex5,8,27,09:00,17:00
N010,2025-07-02,A,Night,12,27,20:00,08:00
N012,2025-07-02,A,PM,8,27,15:00,23:00
N017,2025-07-02,B,Flex1,4,27,13:00,17:00
N002,2025-07-02,B,Flex2,5,27,11:00,16:00
N029,2025-07-02,B,Flex3,6,27,08:00,14:00
N038,2025-07-02,B,Flex3,6,27,11:00,17:00
N005,2025-07-02,B,Flex4,7,27,12:00,19:00
N028,2025-07-02,B,Flex4,7,27,12:00,19:00
N032,2025-07-02,B,Flex5,8,27,08:00,16:00
N039,2025-07-02,B,Flex6,12,27,07:00,19:00
N013,2025-07-02,B,PM,8,27,15:00,23:00
N033,2025-07-02,C,Flex3,6,27,07:00,13:00
N007,2025-07-02,C,Flex5,8,27,10:00,18:00
N027,2025-07-02,C,Flex5,8,27,08:00,16:00
N040,2025-07-02,C,Flex6,12,27,07:00,19:00
N024,2025-07-02,C,PM,8,27,15:00,23:00
N006,2025-07-02,ICU,AM,8,27,07:00,15:00
N033,2025-07-02,ICU,Flex2,5,27,12:00,17:00
N019,2025-07-02,ICU,Flex5,8,27,10:00,18:00
N033,2025-07-02,ICU,Flex5,8,27,09:00,17:00
N039,2025-07-02,ICU,Flex6,12,27,07:00,19:00
N018,2025-07-02,ICU,PM,8,27,15:00,23:00
N025,2025-07-02,ICU,PM,8,27,15:00,23:00
N019,2025-07-03,A,AM,8,27,07:00,15:00
N005,2025-07-03,A,Flex1,4,27,09:00,13:00
N033,2025-07-03,A,Flex3,6,27,11:00,17:00
N006,2025-07-03,A,Flex4,7,27,12:00,19:00
N011,2025-07-03,A,PM,8,27,15:00,23:00
N019,2025-07-03,A,PM,8,27,15:00,23:00
N028,2025-07-03,B,AM,8,27,07:00,15:00
N021,2025-07-03,B,Flex1,4,27,10:00,14:00
N013,2025-07-03,B,Flex3,6,27,11:00,17:00
N018,2025-07-03,B,Flex5,8,27,07:00,15:00
N002,2025-07-03,B,Flex6,12,27,07:00,19:00
N034,2025-07-03,B,Flex6,12,27,07:00,19:00
N015,2025-07-03,B,Night,12,27,20:00,08:00
N022,2025-07-03,B,Night,12,27,20:00,08:00
N002,2025-07-03,C,Flex1,4,27,08:00,12:00
N009,2025-07-03,C,Flex1,4,27,08:00,12:00
N015,2025-07-03,C,Flex2,5,27,10:00,15:00
N015,2025-07-03,C,Flex4,7,27,12:00,19:00
N027,2025-07-03,C,Night,12,27,20:00,08:00
N025,2025-07-03,ICU,Flex2,5,27,07:00,12:00
N009,2025-07-03,ICU,Flex3,6,27,09:00,15:00
N006,2025-07-03,ICU,Flex4,7,27,12:00,19:00
N031,2025-07-03,ICU,Flex4,7,27,12:00,19:00
N004,2025-07-03,ICU,Flex5,8,27,07:00,15:00
N025,2025-07-03,ICU,PM,8,27,15:00,23:00
N006,2025-07-04,A,Flex1,4,27,12:00,16:00
N034,2025-07-04,A,Flex2,5,27,10:00,15:00
N005,2025-07-04,A,Flex6,12,27,07:00,19:00
N005,2025-07-04,A,PM,8,27,15:00,23:00
N040,2025-07-04,A,PM,8,27,15:00,23:00
N021,2025-07-04,B,AM,8,27,07:00,15:00
N013,2025-07-04,B,Flex2,5,27,13:00,18:00
N034,2025-07-04,B,Flex2,5,27,11:00,16:00
N006,2025-07-04,B,Flex4,7,27,12:00,19:00
N039,2025-07-04,B,Flex4,7,27,12:00,19:00
N001,2025-07-04,B,Flex5,8,27,10:00,18:00
N028,2025-07-04,B,Flex5,8,27,08:00,16:00
N029,2025-07-04,B,Flex6,12,27,07:00,19:00
N017,2025-07-04,C,AM,8,27,07:00,15:00
N023,2025-07-04,C,AM,8,27,07:00,15:00
N010,2025-07-04,C,Flex2,5,27,12:00,17:00
N029,2025-07-04,C,Flex2,5,27,11:00,16:00
N002,2025-07-04,C,Flex3,6,27,12:00,18:00
N026,2025-07-04,C,Flex3,6,27,09:00,15:00
N037,2025-07-04,C,Flex3,6,27,07:00,13:00
N010,2025-07-04,C,Flex4,7,27,12:00,19:00
N020,2025-07-04,C,Flex6,12,27,07:00,19:00
N021,2025-07-04,C,Flex6,12,27,07:00,19:00
N021,2025-07-04,ICU,Flex2,5,27,12:00,17:00
N026,2025-07-04,ICU,Flex2,5,27,08:00,13:00
N028,2025-07-04,ICU,Flex5,8,27,09:00,17:00
N011,2025-07-04,ICU,PM,8,27,15:00,23:00
N028,2025-07-04,ICU,PM,8,27,15:00,23:00
N013,2025-07-05,A,Flex1,4,27,10:00,14:00
N016,2025-07-05,A,Flex4,7,27,12:00,19:00
N022,2025-07-05,A,Flex4,7,27,12:00,19:00
N008,2025-07-05,A,Night,12,27,20:00,08:00
N013,2025-07-05,A,Night,12,27,20:00,08:00
N025,2025-07-05,A,Night,12,27,20:00,08:00
N006,2025-07-05,B,AM,8,27,07:00,15:00
N012,2025-07-05,B,Flex3,6,27,12:00,18:00
N018,2025-07-05,B,Flex3,6,27,09:00,15:00
N009,2025-07-05,B,Flex4,7,27,12:00,19:00
N010,2025-07-05,B,Flex4,7,27,12:00,19:00
N030,2025-07-05,B,Flex5,8,27,07:00,15:00
N031,2025-07-05,B,Flex5,8,27,07:00,15:00
N027,2025-07-05,B,PM,8,27,15:00,23:00
N032,2025-07-05,B,PM,8,27,15:00,23:00
N024,2025-07-05,C,AM,8,27,07:00,15:00
N014,2025-07-05,C,Flex1,4,27,08:00,12:00
N018,2025-07-05,C,Flex2,5,27,11:00,16:00
N017,2025-07-05,C,Flex4,7,27,12:00,19:00
N023,2025-07-05,C,Flex4,7,27,12:00,19:00
N011,2025-07-05,C,Flex5,8,27,08:00,16:00
N020,2025-07-05,C,Flex6,12,27,07:00,19:00
N033,2025-07-05,C,Flex6,12,27,07:00,19:00
N024,2025-07-05,C,PM,8,27,15:00,23:00
N037,2025-07-05,C,PM,8,27,15:00,23:00
N038,2025-07-05,C,PM,8,27,15:00,23:00
N023,2025-07-05,ICU,Flex3,6,27,10:00,16:00
N010,2025-07-05,ICU,Flex4,7,27,12:00,19:00
N016,2025-07-05,ICU,Flex4,7,27,12:00,19:00
N030,2025-07-05,ICU,Flex4,7,27,12:00,19:00
N034,2025-07-05,ICU,Flex4,7,27,12:00,19:00
N036,2025-07-05,ICU,Flex4,7,27,12:00,19:00
N033,2025-07-05,ICU,Flex5,8,27,07:00,15:00
N013,2025-07-05,ICU,Night,12,27,20:00,08:00
N037,2025-07-05,ICU,Night,12,27,20:00,08:00
N010,2025-07-06,A,Flex1,4,27,09:00,13:00
N033,2025-07-06,A,Flex1,4,27,10:00,14:00
N004,2025-07-06,A,Flex6,12,27,07:00,19:00
N009,2025-07-06,A,Flex6,12,27,07:00,19:00
N019,2025-07-06,A,Night,12,27,20:00,08:00
N022,2025-07-06,A,Night,12,27,20:00,08:00
N011,2025-07-06,B,AM,8,27,07:00,15:00
N018,2025-07-06,B,AM,8,27,07:00,15:00
N015,2025-07-06,B,Flex1,4,27,09:00,13:00
N003,2025-07-06,B,Flex2,5,27,11:00,16:00
N034,2025-07-06,B,Flex4,7,27,12:00,19:00
N037,2025-07-06,B,Flex4,7,27,12:00,19:00
N031,2025-07-06,B,Flex6,12,27,07:00,19:00
N016,2025-07-06,B,Night,12,27,20:00,08:00
N018,2025-07-06,B,Night,12,27,20:00,08:00
N005,2025-07-06,B,PM,8,27,15:00,23:00
N019,2025-07-06,B,PM,8,27,15:00,23:00
N010,2025-07-06,C,Flex3,6,27,10:00,16:00
N038,2025-07-06,C,Flex3,6,27,07:00,13:00
N009,2025-07-06,C,Flex4,7,27,12:00,19:00
N032,2025-07-06,C,Flex6,12,27,07:00,19:00
N026,2025-07-06,C,Night,12,27,20:00,08:00
N004,2025-07-06,ICU,Flex2,5,27,11:00,16:00
N015,2025-07-06,ICU,Flex2,5,27,09:00,14:00
N040,2025-07-06,ICU,Flex4,7,27,12:00,19:00
N025,2025-07-06,ICU,Flex5,8,27,07:00,15:00
N033,2025-07-06,ICU,PM,8,27,15:00,23:00
N004,2025-07-07,A,Flex5,8,28,07:00,15:00
N003,2025-07-07,A,Night,12,28,20:00,08:00
N006,2025-07-07,A,Night,12,28,20:00,08:00
N040,2025-07-07,A,Night,12,28,20:00,08:00
N036,2025-07-07,B,AM,8,28,07:00,15:00
N026,2025-07-07,B,Flex2,5,28,09:00,14:00
N011,2025-07-07,B,Flex4,7,28,12:00,19:00
N014,2025-07-07,B,Flex5,8,28,10:00,18:00
N027,2025-07-07,B,Flex5,8,28,08:00,16:00
N033,2025-07-07,B,Flex5,8,28,09:00,17:00
N008,2025-07-07,B,Flex6,12,28,07:00,19:00
N011,2025-07-07,C,AM,8,28,07:00,15:00
N036,2025-07-07,C,Flex1,4,28,13:00,17:00
N024,2025-07-07,C,Flex5,8,28,10:00,18:00
N010,2025-07-07,C,Flex6,12,28,07:00,19:00
N036,2025-07-07,C,Flex6,12,28,07:00,19:00
N039,2025-07-07,C,Flex6,12,28,07:00,19:00
N001,2025-07-07,ICU,Flex2,5,28,11:00,16:00
N026,2025-07-07,ICU,Flex2,5,28,08:00,13:00
N003,2025-07-07,ICU,Flex3,6,28,07:00,13:00
N004,2025-07-07,ICU,Flex4,7,28,12:00,19:00
N007,2025-07-07,ICU,Flex4,7,28,12:00,19:00
N014,2025-07-07,ICU,Flex5,8,28,10:00,18:00
N017,2025-07-07,ICU,Flex5,8,28,07:00,15:00
N039,2025-07-07,ICU,Flex5,8,28,09:00,17:00
N037,2025-07-07,ICU,Flex6,12,28,07:00,19:00
N010,2025-07-07,ICU,Night,12,28,20:00,08:00
N023,2025-07-07,ICU,Night,12,28,20:00,08:00
N018,2025-07-08,A,Flex1,4,28,11:00,15:00
N026,2025-07-08,A,Flex1,4,28,11:00,15:00
N032,2025-07-08,A,Flex2,5,28,07:00,12:00
N016,2025-07-08,A,PM,8,28,15:00,23:00
N024,2025-07-08,A,PM,8,28,15:00,23:00
N035,2025-07-08,B,Flex1,4,28,13:00,17:00
N023,2025-07-08,B,Flex2,5,28,07:00,12:00
N001,2025-07-08,B,Flex4,7,28,12:00,19:00
N021,2025-07-08,B,Flex4,7,28,12:00,19:00
N009,2025-07-08,B,Flex6,12,28,07:00,19:00
N008,2025-07-08,B,PM,8,28,15:00,23:00
N030,2025-07-08,B,PM,8,28,15:00,23:00
N028,2025-07-08,C,AM,8,28,07:00,15:00
N027,2025-07-08,C,Flex5,8,28,08:00,16:00
N036,2025-07-08,C,Flex5,8,28,09:00,17:00
N032,2025-07-08,C,Night,12,28,20:00,08:00
N001,2025-07-08,C,PM,8,28,15:00,23:00
N014,2025-07-08,C,PM,8,28,15:00,23:00
N015,2025-07-08,ICU,Flex2,5,28,12:00,17:00
N024,2025-07-08,ICU,Flex3,6,28,09:00,15:00
N002,2025-07-08,ICU,Flex5,8,28,08:00,16:00
N026,2025-07-08,ICU,Flex5,8,28,07:00,15:00
N023,2025-07-08,ICU,Flex6,12,28,07:00,19:00
N018,2025-07-09,A,AM,8,28,07:00,15:00
N001,2025-07-09,A,Flex2,5,28,12:00,17:00
N017,2025-07-09,A,Flex3,6,28,08:00,14:00
N039,2025-07-09,A,Flex4,7,28,12:00,19:00
N038,2025-07-09,A,Flex5,8,28,07:00,15:00
N016,2025-07-09,A,Flex6,12,28,07:00,19:00
N027,2025-07-09,A,Night,12,28,20:00,08:00
N022,2025-07-09,B,AM,8,28,07:00,15:00
N024,2025-07-09,B,AM,8,28,07:00,15:00
N002,2025-07-09,B,Flex1,4,28,09:00,13:00
N012,2025-07-09,B,Flex1,4,28,10:00,14:00
N017,2025-07-09,B,Flex3,6,28,12:00,18:00
N008,2025-07-09,B,Flex5,8,28,10:00,18:00
N004,2025-07-09,C,Flex2,5,28,09:00,14:00
N034,2025-07-09,C,Flex4,7,28,12:00,19:00
N008,2025-07-09,C,Flex5,8,28,09:00,17:00
N007,2025-07-09,C,Flex6,12,28,07:00,19:00
N021,2025-07-09,ICU,Flex5,8,28,10:00,18:00
N020,2025-07-10,A,AM,8,28,07:00,15:00
N025,2025-07-10,A,AM,8,28,07:00,15:00
N026,2025-07-10,A,Flex2,5,28,08:00,13:00
N026,2025-07-10,A,Flex6,12,28,07:00,19:00
N035,2025-07-10,A,Flex6,12,28,07:00,19:00
N040,2025-07-10,A,Flex6,12,28,07:00,19:00
N015,2025-07-10,B,AM,8,28,07:00,15:00
N004,2025-07-10,B,Flex2,5,28,09:00,14:00
N006,2025-07-10,B,Night,12,28,20:00,08:00
N025,2025-07-10,B,Night,12,28,20:00,08:00
N007,2025-07-10,C,AM,8,28,07:00,15:00
N012,2025-07-10,C,AM,8,28,07:00,15:00
N038,2025-07-10,C,AM,8,28,07:00,15:00
N020,2025-07-10,C,Flex2,5,28,12:00,17:00
N018,2025-07-10,C,Flex3,6,28,07:00,13:00
N032,2025-07-10,C,Flex6,12,28,07:00,19:00
N039,2025-07-10,C,Night,12,28,20:00,08:00
N012,2025-07-10,C,PM,8,28,15:00,23:00
N008,2025-07-10,ICU,Flex1,4,28,10:00,14:00
N031,2025-07-10,ICU,Flex1,4,28,13:00,17:00
N002,2025-07-10,ICU,Flex2,5,28,10:00,15:00
N015,2025-07-10,ICU,Flex2,5,28,11:00,16:00
N025,2025-07-10,ICU,Flex3,6,28,12:00,18:00
N030,2025-07-10,ICU,Flex4,7,28,12:00,19:00
N036,2025-07-10,ICU,Flex5,8,28,08:00,16:00
N040,2025-07-10,ICU,PM,8,28,15:00,23:00
N030,2025-07-11,A,Flex1,4,28,14:00,18:00
N001,2025-07-11,A,Flex2,5,28,13:00,18:00
N029,2025-07-11,A,Flex3,6,28,08:00,14:00
N003,2025-07-11,A,Flex4,7,28,12:00,19:00
N014,2025-07-11,B,Flex4,7,28,12:00,19:00
N001,2025-07-11,B,Flex6,12,28,07:00,19:00
N001,2025-07-11,B,PM,8,28,15:00,23:00
N039,2025-07-11,C,Flex3,6,28,09:00,15:00
N006,2025-07-11,C,Flex4,7,28,12:00,19:00
N011,2025-07-11,C,Flex4,7,28,12:00,19:00
N020,2025-07-11,C,Flex5,8,28,09:00,17:00
N030,2025-07-11,C,Night,12,28,20:00,08:00
N036,2025-07-11,C,PM,8,28,15:00,23:00
N019,2025-07-11,ICU,AM,8,28,07:00,15:00
N027,2025-07-11,ICU,Flex2,5,28,07:00,12:00
N034,2025-07-11,ICU,Flex4,7,28,12:00,19:00
N020,2025-07-11,ICU,Flex5,8,28,09:00,17:00
N026,2025-07-11,ICU,Flex5,8,28,07:00,15:00
N034,2025-07-11,ICU,Night,12,28,20:00,08:00
N035,2025-07-11,ICU,Night,12,28,20:00,08:00
N038,2025-07-11,ICU,Night,12,28,20:00,08:00
N036,2025-07-12,A,Flex2,5,28,13:00,18:00
N005,2025-07-12,A,Flex5,8,28,07:00,15:00
N019,2025-07-12,A,Flex5,8,28,07:00,15:00
N020,2025-07-12,A,Flex5,8,28,09:00,17:00
N040,2025-07-12,A,Flex5,8,28,07:00,15:00
N022,2025-07-12,A,Flex6,12,28,07:00,19:00
N007,2025-07-12,A,PM,8,28,15:00,23:00
N021,2025-07-12,B,AM,8,28,07:00,15:00
N011,2025-07-12,B,Flex1,4,28,11:00,15:00
N036,2025-07-12,B,Flex5,8,28,09:00,17:00
N029,2025-07-12,B,Night,12,28,20:00,08:00
N002,2025-07-12,B,PM,8,28,15:00,23:00
N011,2025-07-12,C,Flex2,5,28,10:00,15:00
N026,2025-07-12,C,Flex3,6,28,11:00,17:00
N015,2025-07-12,C,Flex4,7,28,12:00,19:00
N033,2025-07-12,C,Flex5,8,28,08:00,16:00
N002,2025-07-12,C,Flex6,12,28,07:00,19:00
N014,2025-07-12,C,Flex6,12,28,07:00,19:00
N019,2025-07-12,C,Night,12,28,20:00,08:00
N008,2025-07-12,C,PM,8,28,15:00,23:00
N001,2025-07-12,ICU,AM,8,28,07:00,15:00
N029,2025-07-12,ICU,Flex1,4,28,12:00,16:00
N030,2025-07-12,ICU,Flex2,5,28,09:00,14:00
N025,2025-07-12,ICU,Flex3,6,28,09:00,15:00
N029,2025-07-12,ICU,Flex3,6,28,09:00,15:00
N035,2025-07-12,ICU,Flex6,12,28,07:00,19:00
N005,2025-07-12,ICU,PM,8,28,15:00,23:00
N037,2025-07-13,A,AM,8,28,07:00,15:00
N015,2025-07-13,A,Flex1,4,28,09:00,13:00
N031,2025-07-13,A,Flex1,4,28,08:00,12:00
N040,2025-07-13,A,Flex4,7,28,12:00,19:00
N031,2025-07-13,A,Flex5,8,28,07:00,15:00
N013,2025-07-13,A,Flex6,12,28,07:00,19:00
N014,2025-07-13,A,Night,12,28,20:00,08:00
N015,2025-07-13,A,PM,8,28,15:00,23:00
N034,2025-07-13,B,Flex2,5,28,07:00,12:00
N036,2025-07-13,B,Flex2,5,28,10:00,15:00
N034,2025-07-13,B,Flex4,7,28,12:00,19:00
N023,2025-07-13,B,Night,12,28,20:00,08:00
N028,2025-07-13,C,Flex2,5,28,07:00,12:00
N011,2025-07-13,C,Flex3,6,28,09:00,15:00
N016,2025-07-13,C,Flex4,7,28,12:00,19:00
N015,2025-07-13,C,Flex6,12,28,07:00,19:00
N013,2025-07-13,C,Night,12,28,20:00,08:00
N037,2025-07-13,C,Night,12,28,20:00,08:00
N035,2025-07-13,ICU,AM,8,28,07:00,15:00
N019,2025-07-13,ICU,Flex3,6,28,08:00,14:00
N029,2025-07-13,ICU,Flex3,6,28,09:00,15:00
N031,2025-07-13,ICU,Flex3,6,28,10:00,16:00
N009,2025-07-13,ICU,Flex4,7,28,12:00,19:00
N017,2025-07-13,ICU,Flex4,7,28,12:00,19:00
N003,2025-07-13,ICU,Flex6,12,28,07:00,19:00
N003,2025-07-13,ICU,Night,12,28,20:00,08:00
N012,2025-07-13,ICU,PM,8,28,15:00,23:00
N023,2025-07-14,A,AM,8,29,07:00,15:00
N039,2025-07-14,A,Flex1,4,29,10:00,14:00
N010,2025-07-14,A,Flex2,5,29,08:00,13:00
N020,2025-07-14,A,Flex5,8,29,10:00,18:00
N023,2025-07-14,A,Flex5,8,29,08:00,16:00
N014,2025-07-14,A,Flex6,12,29,07:00,19:00
N018,2025-07-14,A,Flex6,12,29,07:00,19:00
N017,2025-07-14,A,Night,12,29,20:00,08:00
N004,2025-07-14,B,AM,8,29,07:00,15:00
N033,2025-07-14,B,Flex1,4,29,08:00,12:00
N018,2025-07-14,B,Flex3,6,29,07:00,13:00
N032,2025-07-14,B,Flex3,6,29,07:00,13:00
N023,2025-07-14,B,Flex6,12,29,07:00,19:00
N027,2025-07-14,B,Flex6,12,29,07:00,19:00
N013,2025-07-14,B,Night,12,29,20:00,08:00
N036,2025-07-14,C,AM,8,29,07:00,15:00
N016,2025-07-14,C,Flex1,4,29,09:00,13:00
N005,2025-07-14,C,Flex3,6,29,09:00,15:00
N010,2025-07-14,C,Flex5,8,29,10:00,18:00
N030,2025-07-14,C,Flex6,12,29,07:00,19:00
N032,2025-07-14,C,Night,12,29,20:00,08:00
N011,2025-07-14,C,PM,8,29,15:00,23:00
N019,2025-07-14,C,PM,8,29,15:00,23:00
N039,2025-07-14,ICU,Flex1,4,29,12:00,16:00
N032,2025-07-14,ICU,Flex3,6,29,10:00,16:00
N012,2025-07-15,A,AM,8,29,07:00,15:00
N006,2025-07-15,A,Flex3,6,29,12:00,18:00
N018,2025-07-15,B,AM,8,29,07:00,15:00
N022,2025-07-15,B,AM,8,29,07:00,15:00
N007,2025-07-15,B,Flex1,4,29,09:00,13:00
N010,2025-07-15,B,Flex1,4,29,09:00,13:00
N035,2025-07-15,B,Flex2,5,29,10:00,15:00
N035,2025-07-15,B,Flex4,7,29,12:00,19:00
N027,2025-07-15,B,Night,12,29,20:00,08:00
N031,2025-07-15,B,Night,12,29,20:00,08:00
N003,2025-07-15,C,AM,8,29,07:00,15:00
N033,2025-07-15,C,Flex1,4,29,11:00,15:00
N022,2025-07-15,C,Flex4,7,29,12:00,19:00
N015,2025-07-15,C,Flex5,8,29,10:00,18:00
N007,2025-07-15,C,Flex6,12,29,07:00,19:00
N017,2025-07-15,C,Flex6,12,29,07:00,19:00
N031,2025-07-15,C,Night,12,29,20:00,08:00
N027,2025-07-15,ICU,Flex2,5,29,09:00,14:00
N015,2025-07-15,ICU,Flex4,7,29,12:00,19:00
N025,2025-07-15,ICU,Flex6,12,29,07:00,19:00
N002,2025-07-16,A,AM,8,29,07:00,15:00
N028,2025-07-16,A,Flex1,4,29,11:00,15:00
N028,2025-07-16,A,Flex3,6,29,09:00,15:00
N006,2025-07-16,A,Flex6,12,29,07:00,19:00
N019,2025-07-16,A,Flex6,12,29,07:00,19:00
N012,2025-07-16,A,PM,8,29,15:00,23:00
N007,2025-07-16,B,Flex2,5,29,11:00,16:00
N037,2025-07-16,B,Flex2,5,29,08:00,13:00
N001,2025-07-16,B,Flex4,7,29,12:00,19:00
N029,2025-07-16,B,Flex5,8,29,07:00,15:00
N033,2025-07-16,B,Flex5,8,29,08:00,16:00
N024,2025-07-16,B,Flex6,12,29,07:00,19:00
N002,2025-07-16,B,PM,8,29,15:00,23:00
N004,2025-07-16,B,PM,8,29,15:00,23:00
N021,2025-07-16,C,Flex1,4,29,07:00,11:00
N036,2025-07-16,C,Flex2,5,29,08:00,13:00
N037,2025-07-16,C,Flex2,5,29,12:00,17:00
N012,2025-07-16,C,Flex3,6,29,09:00,15:00
N020,2025-07-16,C,Flex3,6,29,11:00,17:00
N035,2025-07-16,C,Flex3,6,29,11:00,17:00
N017,2025-07-16,C,Flex4,7,29,12:00,19:00
N023,2025-07-16,C,Flex4,7,29,12:00,19:00
N030,2025-07-16,C,PM,8,29,15:00,23:00
N029,2025-07-16,ICU,AM,8,29,07:00,15:00
N006,2025-07-16,ICU,Flex2,5,29,09:00,14:00
N022,2025-07-16,ICU,Flex3,6,29,12:00,18:00
N029,2025-07-16,ICU,Flex3,6,29,08:00,14:00
N030,2025-07-16,ICU,Flex4,7,29,12:00,19:00
N022,2025-07-16,ICU,Flex5,8,29,08:00,16:00
N024,2025-07-16,ICU,Flex6,12,29,07:00,19:00
N020,2025-07-17,A,Flex3,6,29,07:00,13:00
N006,2025-07-17,A,Flex6,12,29,07:00,19:00
N012,2025-07-17,A,PM,8,29,15:00,23:00
N019,2025-07-17,A,PM,8,29,15:00,23:00
N039,2025-07-17,B,AM,8,29,07:00,15:00
N029,2025-07-17,B,Flex2,5,29,08:00,13:00
N035,2025-07-17,B,Flex4,7,29,12:00,19:00
N007,2025-07-17,B,Flex6,12,29,07:00,19:00
N033,2025-07-17,B,Flex6,12,29,07:00,19:00
N001,2025-07-17,B,Night,12,29,20:00,08:00
N013,2025-07-17,B,PM,8,29,15:00,23:00
N005,2025-07-17,C,AM,8,29,07:00,15:00
N017,2025-07-17,C,AM,8,29,07:00,15:00
N022,2025-07-17,C,AM,8,29,07:00,15:00
N039,2025-07-17,C,Flex3,6,29,08:00,14:00
N029,2025-07-17,C,Flex4,7,29,12:00,19:00
N039,2025-07-17,C,Flex5,8,29,07:00,15:00
N001,2025-07-17,C,Flex6,12,29,07:00,19:00
N022,2025-07-17,C,Flex6,12,29,07:00,19:00
N031,2025-07-17,C,PM,8,29,15:00,23:00
N003,2025-07-17,ICU,AM,8,29,07:00,15:00
N007,2025-07-17,ICU,AM,8,29,07:00,15:00
N011,2025-07-17,ICU,Flex2,5,29,10:00,15:00
N035,2025-07-17,ICU,Flex2,5,29,10:00,15:00
N016,2025-07-17,ICU,Flex3,6,29,07:00,13:00
N013,2025-07-17,ICU,Flex4,7,29,12:00,19:00
N014,2025-07-17,ICU,Flex4,7,29,12:00,19:00
N040,2025-07-17,ICU,Flex5,8,29,07:00,15:00
N025,2025-07-17,ICU,PM,8,29,15:00,23:00
N006,2025-07-18,A,AM,8,29,07:00,15:00
N037,2025-07-18,A,AM,8,29,07:00,15:00
N008,2025-07-18,A,Flex2,5,29,09:00,14:00
N005,2025-07-18,A,Night,12,29,20:00,08:00
N030,2025-07-18,A,Night,12,29,20:00,08:00
N013,2025-07-18,A,PM,8,29,15:00,23:00
N014,2025-07-18,B,Flex2,5,29,12:00,17:00
N003,2025-07-18,B,Flex4,7,29,12:00,19:00
N036,2025-07-18,B,Flex4,7,29,12:00,19:00
N014,2025-07-18,B,Flex5,8,29,10:00,18:00
N016,2025-07-18,B,Flex5,8,29,07:00,15:00
N018,2025-07-18,C,Flex1,4,29,10:00,14:00
N008,2025-07-18,C,Flex2,5,29,11:00,16:00
N009,2025-07-18,C,Flex2,5,29,13:00,18:00
N018,2025-07-18,C,Flex4,7,29,12:00,19:00
N010,2025-07-18,C,Flex5,8,29,07:00,15:00
N019,2025-07-18,C,Flex5,8,29,09:00,17:00
N020,2025-07-18,C,Flex5,8,29,08:00,16:00
N024,2025-07-18,C,Flex5,8,29,09:00,17:00
N013,2025-07-18,C,Flex6,12,29,07:00,19:00
N019,2025-07-18,C,Flex6,12,29,07:00,19:00
N026,2025-07-18,C,Flex6,12,29,07:00,19:00
N021,2025-07-18,C,Night,12,29,20:00,08:00
N038,2025-07-18,C,Night,12,29,20:00,08:00
N004,2025-07-18,ICU,AM,8,29,07:00,15:00
N026,2025-07-18,ICU,Flex2,5,29,11:00,16:00
N022,2025-07-18,ICU,Flex3,6,29,10:00,16:00
N032,2025-07-18,ICU,Flex3,6,29,09:00,15:00
N026,2025-07-18,ICU,Flex4,7,29,12:00,19:00
N027,2025-07-18,ICU,Flex5,8,29,09:00,17:00
N004,2025-07-18,ICU,Night,12,29,20:00,08:00
N016,2025-07-18,ICU,PM,8,29,15:00,23:00
N038,2025-07-18,ICU,PM,8,29,15:00,23:00
N024,2025-07-19,A,AM,8,29,07:00,15:00
N038,2025-07-19,A,Flex4,7,29,12:00,19:00
N003,2025-07-19,A,Night,12,29,20:00,08:00
N033,2025-07-19,A,PM,8,29,15:00,23:00
N011,2025-07-19,B,Flex1,4,29,10:00,14:00
N036,2025-07-19,B,Flex1,4,29,11:00,15:00
N004,2025-07-19,B,Flex5,8,29,07:00,15:00
N031,2025-07-19,B,Flex5,8,29,10:00,18:00
N031,2025-07-19,B,Night,12,29,20:00,08:00
N039,2025-07-19,B,PM,8,29,15:00,23:00
N002,2025-07-19,C,Flex3,6,29,10:00,16:00
N030,2025-07-19,C,Flex3,6,29,10:00,16:00
N020,2025-07-19,C,Flex5,8,29,09:00,17:00
N024,2025-07-19,C,Flex5,8,29,09:00,17:00
N025,2025-07-19,C,Night,12,29,20:00,08:00
N026,2025-07-19,ICU,AM,8,29,07:00,15:00
N028,2025-07-19,ICU,Flex2,5,29,11:00,16:00
N028,2025-07-19,ICU,Flex4,7,29,12:00,19:00
N038,2025-07-19,ICU,Flex5,8,29,08:00,16:00
N008,2025-07-19,ICU,Flex6,12,29,07:00,19:00
N015,2025-07-19,ICU,Flex6,12,29,07:00,19:00
N018,2025-07-19,ICU,Night,12,29,20:00,08:00
N028,2025-07-20,A,AM,8,29,07:00,15:00
N014,2025-07-20,A,Flex1,4,29,13:00,17:00
N011,2025-07-20,A,Flex2,5,29,08:00,13:00
N004,2025-07-20,A,Flex3,6,29,07:00,13:00
N013,2025-07-20,A,Flex3,6,29,07:00,13:00
N037,2025-07-20,A,Flex3,6,29,11:00,17:00
N016,2025-07-20,A,Flex4,7,29,12:00,19:00
N028,2025-07-20,A,Flex5,8,29,10:00,18:00
N034,2025-07-20,A,PM,8,29,15:00,23:00
N019,2025-07-20,B,AM,8,29,07:00,15:00
N001,2025-07-20,B,Flex1,4,29,07:00,11:00
N038,2025-07-20,B,Flex2,5,29,09:00,14:00
N018,2025-07-20,B,Flex3,6,29,08:00,14:00
N027,2025-07-20,B,Flex3,6,29,12:00,18:00
N037,2025-07-20,B,Flex5,8,29,08:00,16:00
N015,2025-07-20,B,Night,12,29,20:00,08:00
N025,2025-07-20,C,AM,8,29,07:00,15:00
N031,2025-07-20,C,AM,8,29,07:00,15:00
N039,2025-07-20,C,AM,8,29,07:00,15:00
N005,2025-07-20,C,Flex1,4,29,12:00,16:00
N006,2025-07-20,C,Flex4,7,29,12:00,19:00
N036,2025-07-20,C,Flex4,7,29,12:00,19:00
N016,2025-07-20,C,Flex5,8,29,09:00,17:00
N032,2025-07-20,C,Flex5,8,29,10:00,18:00
N012,2025-07-20,C,PM,8,29,15:00,23:00
N030,2025-07-20,C,PM,8,29,15:00,23:00
N012,2025-07-20,ICU,Flex2,5,29,13:00,18:00
N019,2025-07-20,ICU,Flex2,5,29,11:00,16:00
N024,2025-07-20,ICU,Flex4,7,29,12:00,19:00
N027,2025-07-20,ICU,Flex4,7,29,12:00,19:00
N037,2025-07-20,ICU,Flex5,8,29,08:00,16:00
N017,2025-07-20,ICU,Flex6,12,29,07:00,19:00
N021,2025-07-20,ICU,Night,12,29,20:00,08:00
N025,2025-07-20,ICU,PM,8,29,15:00,23:00
N040,2025-07-21,A,Flex1,4,30,11:00,15:00
N038,2025-07-21,A,Flex4,7,30,12:00,19:00
N014,2025-07-21,A,Flex5,8,30,10:00,18:00
N036,2025-07-21,A,Night,12,30,20:00,08:00
N035,2025-07-21,B,Flex1,4,30,09:00,13:00
N006,2025-07-21,B,Flex2,5,30,09:00,14:00
N040,2025-07-21,B,Flex2,5,30,07:00,12:00
N009,2025-07-21,B,Flex4,7,30,12:00,19:00
N014,2025-07-21,B,Flex4,7,30,12:00,19:00
N025,2025-07-21,B,Flex4,7,30,12:00,19:00
N002,2025-07-21,B,Flex6,12,30,07:00,19:00
N023,2025-07-21,B,Night,12,30,20:00,08:00
N001,2025-07-21,C,AM,8,30,07:00,15:00
N009,2025-07-21,C,Flex2,5,30,10:00,15:00
N026,2025-07-21,C,Flex2,5,30,12:00,17:00
N008,2025-07-21,C,Flex3,6,30,09:00,15:00
N011,2025-07-21,C,Flex5,8,30,10:00,18:00
N023,2025-07-21,C,Flex5,8,30,08:00,16:00
N021,2025-07-21,C,Flex6,12,30,07:00,19:00
N027,2025-07-21,C,Night,12,30,20:00,08:00
N030,2025-07-21,C,Night,12,30,20:00,08:00
N037,2025-07-21,C,Night,12,30,20:00,08:00
N002,2025-07-21,ICU,AM,8,30,07:00,15:00
N029,2025-07-21,ICU,Flex5,8,30,10:00,18:00
N020,2025-07-21,ICU,Flex6,12,30,07:00,19:00
N014,2025-07-21,ICU,PM,8,30,15:00,23:00
N029,2025-07-22,A,Flex1,4,30,09:00,13:00
N003,2025-07-22,A,Flex3,6,30,09:00,15:00
N033,2025-07-22,A,Flex3,6,30,12:00,18:00
N011,2025-07-22,A,Flex5,8,30,08:00,16:00
N002,2025-07-22,A,Flex6,12,30,07:00,19:00
N031,2025-07-22,A,PM,8,30,15:00,23:00
N004,2025-07-22,B,AM,8,30,07:00,15:00
N036,2025-07-22,B,AM,8,30,07:00,15:00
N035,2025-07-22,B,Flex1,4,30,13:00,17:00
N019,2025-07-22,B,Flex2,5,30,13:00,18:00
N032,2025-07-22,B,Flex2,5,30,12:00,17:00
N029,2025-07-22,B,Flex3,6,30,08:00,14:00
N008,2025-07-22,B,Flex6,12,30,07:00,19:00
N020,2025-07-22,B,Flex6,12,30,07:00,19:00
N027,2025-07-22,B,Night,12,30,20:00,08:00
N039,2025-07-22,C,Flex1,4,30,13:00,17:00
N008,2025-07-22,C,Flex4,7,30,12:00,19:00
N037,2025-07-22,C,Night,12,30,20:00,08:00
N038,2025-07-22,ICU,Flex1,4,30,10:00,14:00
N012,2025-07-22,ICU,Flex2,5,30,12:00,17:00
N010,2025-07-22,ICU,Flex3,6,30,08:00,14:00
N035,2025-07-22,ICU,Flex5,8,30,08:00,16:00
N006,2025-07-22,ICU,Flex6,12,30,07:00,19:00
N025,2025-07-22,ICU,Night,12,30,20:00,08:00
N005,2025-07-22,ICU,PM,8,30,15:00,23:00
N035,2025-07-22,ICU,PM,8,30,15:00,23:00
N029,2025-07-23,A,Flex2,5,30,12:00,17:00
N022,2025-07-23,A,Flex4,7,30,12:00,19:00
N021,2025-07-23,A,PM,8,30,15:00,23:00
N013,2025-07-23,B,AM,8,30,07:00,15:00
N005,2025-07-23,B,Flex3,6,30,11:00,17:00
N009,2025-07-23,B,Flex4,7,30,12:00,19:00
N039,2025-07-23,B,Flex4,7,30,12:00,19:00
N040,2025-07-23,B,Flex6,12,30,07:00,19:00
N034,2025-07-23,C,AM,8,30,07:00,15:00
N018,2025-07-23,C,Flex2,5,30,12:00,17:00
N025,2025-07-23,C,Flex2,5,30,07:00,12:00
N021,2025-07-23,C,Flex5,8,30,07:00,15:00
N026,2025-07-23,C,Flex5,8,30,10:00,18:00
N034,2025-07-23,C,Flex6,12,30,07:00,19:00
N021,2025-07-23,ICU,Flex2,5,30,11:00,16:00
N038,2025-07-23,ICU,Flex2,5,30,09:00,14:00
N003,2025-07-23,ICU,Flex3,6,30,07:00,13:00
N033,2025-07-23,ICU,Night,12,30,20:00,08:00
N032,2025-07-24,A,Flex1,4,30,12:00,16:00
N005,2025-07-24,A,Flex2,5,30,13:00,18:00
N009,2025-07-24,A,Flex2,5,30,12:00,17:00
N030,2025-07-24,A,Flex2,5,30,09:00,14:00
N013,2025-07-24,A,Flex3,6,30,09:00,15:00
N022,2025-07-24,A,Flex3,6,30,08:00,14:00
N029,2025-07-24,A,Flex3,6,30,07:00,13:00
N031,2025-07-24,A,Flex3,6,30,09:00,15:00
N012,2025-07-24,A,Flex4,7,30,12:00,19:00
N034,2025-07-24,A,Flex4,7,30,12:00,19:00
N007,2025-07-24,A,Flex5,8,30,07:00,15:00
N015,2025-07-24,A,Night,12,30,20:00,08:00
N008,2025-07-24,A,PM,8,30,15:00,23:00
N015,2025-07-24,A,PM,8,30,15:00,23:00
N024,2025-07-24,A,PM,8,30,15:00,23:00
N012,2025-07-24,B,Flex1,4,30,09:00,13:00
N027,2025-07-24,B,Flex1,4,30,12:00,16:00
N007,2025-07-24,B,Flex2,5,30,07:00,12:00
N004,2025-07-24,B,Night,12,30,20:00,08:00
N022,2025-07-24,B,Night,12,30,20:00,08:00
N011,2025-07-24,B,PM,8,30,15:00,23:00
N016,2025-07-24,B,PM,8,30,15:00,23:00
N029,2025-07-24,C,AM,8,30,07:00,15:00
N005,2025-07-24,C,Flex2,5,30,13:00,18:00
N018,2025-07-24,C,Flex2,5,30,07:00,12:00
N008,2025-07-24,C,Flex3,6,30,10:00,16:00
N013,2025-07-24,C,Flex3,6,30,07:00,13:00
N002,2025-07-24,C,Flex4,7,30,12:00,19:00
N003,2025-07-24,C,Flex4,7,30,12:00,19:00
N036,2025-07-24,C,Flex4,7,30,12:00,19:00
N039,2025-07-24,C,Flex4,7,30,12:00,19:00
N002,2025-07-24,C,Flex6,12,30,07:00,19:00
N040,2025-07-24,C,Night,12,30,20:00,08:00
N034,2025-07-24,C,PM,8,30,15:00,23:00
N009,2025-07-24,ICU,AM,8,30,07:00,15:00
N012,2025-07-24,ICU,AM,8,30,07:00,15:00
N014,2025-07-24,ICU,Flex2,5,30,07:00,12:00
N021,2025-07-24,ICU,Flex4,7,30,12:00,19:00
N040,2025-07-24,ICU,Flex5,8,30,07:00,15:00
N040,2025-07-24,ICU,Flex6,12,30,07:00,19:00
N007,2025-07-24,ICU,Night,12,30,20:00,08:00
N035,2025-07-24,ICU,Night,12,30,20:00,08:00
N019,2025-07-25,A,Flex1,4,30,08:00,12:00
N012,2025-07-25,A,Flex2,5,30,07:00,12:00
N028,2025-07-25,A,Flex2,5,30,08:00,13:00
N019,2025-07-25,A,Flex3,6,30,07:00,13:00
N005,2025-07-25,A,Flex4,7,30,12:00,19:00
N023,2025-07-25,A,PM,8,30,15:00,23:00
N011,2025-07-25,B,AM,8,30,07:00,15:00
N035,2025-07-25,B,AM,8,30,07:00,15:00
N020,2025-07-25,B,Flex2,5,30,07:00,12:00
N032,2025-07-25,B,Flex2,5,30,07:00,12:00
N004,2025-07-25,B,Flex3,6,30,11:00,17:00
N040,2025-07-25,B,Flex3,6,30,07:00,13:00
N001,2025-07-25,B,Flex4,7,30,12:00,19:00
N007,2025-07-25,B,Flex5,8,30,09:00,17:00
N016,2025-07-25,C,AM,8,30,07:00,15:00
N039,2025-07-25,C,AM,8,30,07:00,15:00
N033,2025-07-25,C,Flex1,4,30,07:00,11:00
N020,2025-07-25,C,Flex5,8,30,07:00,15:00
N006,2025-07-25,C,PM,8,30,15:00,23:00
N005,2025-07-25,ICU,Flex4,7,30,12:00,19:00
N032,2025-07-25,ICU,Flex4,7,30,12:00,19:00
N028,2025-07-25,ICU,Flex5,8,30,10:00,18:00
N034,2025-07-25,ICU,Flex5,8,30,09:00,17:00
N010,2025-07-25,ICU,Flex6,12,30,07:00,19:00
N009,2025-07-25,ICU,Night,12,30,20:00,08:00
N040,2025-07-26,A,AM,8,30,07:00,15:00
N003,2025-07-26,A,Flex1,4,30,08:00,12:00
N023,2025-07-26,A,Flex1,4,30,10:00,14:00
N009,2025-07-26,A,Flex2,5,30,09:00,14:00
N030,2025-07-26,A,Flex2,5,30,07:00,12:00
N023,2025-07-26,A,Flex3,6,30,08:00,14:00
N011,2025-07-26,A,Flex5,8,30,08:00,16:00
N009,2025-07-26,A,Flex6,12,30,07:00,19:00
N033,2025-07-26,A,Flex6,12,30,07:00,19:00
N017,2025-07-26,A,Night,12,30,20:00,08:00
N034,2025-07-26,B,AM,8,30,07:00,15:00
N007,2025-07-26,B,Flex1,4,30,13:00,17:00
N010,2025-07-26,B,Flex3,6,30,11:00,17:00
N014,2025-07-26,B,Flex3,6,30,12:00,18:00
N034,2025-07-26,B,Flex5,8,30,07:00,15:00
N038,2025-07-26,B,Flex5,8,30,08:00,16:00
N018,2025-07-26,B,Night,12,30,20:00,08:00
N001,2025-07-26,C,AM,8,30,07:00,15:00
N003,2025-07-26,C,Flex1,4,30,14:00,18:00
N038,2025-07-26,C,Flex1,4,30,13:00,17:00
N010,2025-07-26,C,Flex2,5,30,07:00,12:00
N014,2025-07-26,C,Flex2,5,30,11:00,16:00
N005,2025-07-26,C,Flex3,6,30,11:00,17:00
N008,2025-07-26,C,Flex3,6,30,12:00,18:00
N015,2025-07-26,C,Flex3,6,30,10:00,16:00
N017,2025-07-26,C,Flex3,6,30,09:00,15:00
N034,2025-07-26,C,Flex3,6,30,09:00,15:00
N032,2025-07-26,C,Flex5,8,30,07:00,15:00
N037,2025-07-26,C,Flex5,8,30,09:00,17:00
N003,2025-07-26,C,Flex6,12,30,07:00,19:00
N026,2025-07-26,C,Night,12,30,20:00,08:00
N033,2025-07-26,ICU,AM,8,30,07:00,15:00
N016,2025-07-26,ICU,Flex1,4,30,07:00,11:00
N021,2025-07-26,ICU,Flex3,6,30,12:00,18:00
N038,2025-07-26,ICU,Flex3,6,30,11:00,17:00
N015,2025-07-26,ICU,Flex4,7,30,12:00,19:00
N010,2025-07-26,ICU,Flex6,12,30,07:00,19:00
N017,2025-07-26,ICU,Flex6,12,30,07:00,19:00
N036,2025-07-26,ICU,Flex6,12,30,07:00,19:00
N035,2025-07-27,A,Flex1,4,30,08:00,12:00
N032,2025-07-27,A,Flex2,5,30,07:00,12:00
N003,2025-07-27,A,Flex5,8,30,07:00,15:00
N015,2025-07-27,A,Flex5,8,30,09:00,17:00
N016,2025-07-27,A,Night,12,30,20:00,08:00
N026,2025-07-27,B,AM,8,30,07:00,15:00
N009,2025-07-27,B,Flex1,4,30,09:00,13:00
N012,2025-07-27,B,Flex2,5,30,09:00,14:00
N029,2025-07-27,B,Flex5,8,30,08:00,16:00
N024,2025-07-27,B,Night,12,30,20:00,08:00
N028,2025-07-27,B,Night,12,30,20:00,08:00
N001,2025-07-27,C,AM,8,30,07:00,15:00
N010,2025-07-27,C,AM,8,30,07:00,15:00
N011,2025-07-27,C,Flex1,4,30,07:00,11:00
N001,2025-07-27,C,Flex4,7,30,12:00,19:00
N036,2025-07-27,C,Flex4,7,30,12:00,19:00
N011,2025-07-27,C,PM,8,30,15:00,23:00
N026,2025-07-27,C,PM,8,30,15:00,23:00
N009,2025-07-27,ICU,Flex1,4,30,12:00,16:00
N008,2025-07-27,ICU,Flex2,5,30,08:00,13:00
N010,2025-07-27,ICU,Flex4,7,30,12:00,19:00
N028,2025-07-27,ICU,Flex6,12,30,07:00,19:00
N014,2025-07-28,A,Flex1,4,31,11:00,15:00
N003,2025-07-28,A,Flex2,5,31,11:00,16:00
N005,2025-07-28,A,Flex2,5,31,11:00,16:00
N005,2025-07-28,A,Flex3,6,31,09:00,15:00
N017,2025-07-28,A,Flex3,6,31,10:00,16:00
N019,2025-07-28,A,Flex3,6,31,09:00,15:00
N036,2025-07-28,A,Flex4,7,31,12:00,19:00
N040,2025-07-28,A,Night,12,31,20:00,08:00
N007,2025-07-28,B,AM,8,31,07:00,15:00
N002,2025-07-28,B,Flex1,4,31,14:00,18:00
N001,2025-07-28,B,Flex2,5,31,07:00,12:00
N001,2025-07-28,B,Flex3,6,31,11:00,17:00
N011,2025-07-28,B,Flex4,7,31,12:00,19:00
N026,2025-07-28,B,Flex4,7,31,12:00,19:00
N027,2025-07-28,B,Flex4,7,31,12:00,19:00
N002,2025-07-28,B,Flex6,12,31,07:00,19:00
N021,2025-07-28,B,Flex6,12,31,07:00,19:00
N025,2025-07-28,B,Night,12,31,20:00,08:00
N037,2025-07-28,B,PM,8,31,15:00,23:00
N027,2025-07-28,C,AM,8,31,07:00,15:00
N007,2025-07-28,C,Flex3,6,31,08:00,14:00
N022,2025-07-28,C,Flex4,7,31,12:00,19:00
N015,2025-07-28,C,Flex6,12,31,07:00,19:00
N036,2025-07-28,C,Flex6,12,31,07:00,19:00
N028,2025-07-28,ICU,Flex6,12,31,07:00,19:00
N031,2025-07-28,ICU,Flex6,12,31,07:00,19:00
N032,2025-07-28,ICU,Flex6,12,31,07:00,19:00
N033,2025-07-28,ICU,Flex6,12,31,07:00,19:00
N001,2025-07-28,ICU,PM,8,31,15:00,23:00
N007,2025-07-28,ICU,PM,8,31,15:00,23:00
N033,2025-07-28,ICU,PM,8,31,15:00,23:00
N034,2025-07-28,ICU,PM,8,31,15:00,23:00
N037,2025-07-28,ICU,PM,8,31,15:00,23:00
N020,2025-07-29,A,AM,8,31,07:00,15:00
N024,2025-07-29,A,AM,8,31,07:00,15:00
N030,2025-07-29,A,Flex5,8,31,09:00,17:00
N020,2025-07-29,A,Flex6,12,31,07:00,19:00
N030,2025-07-29,A,Flex6,12,31,07:00,19:00
N039,2025-07-29,A,Flex6,12,31,07:00,19:00
N013,2025-07-29,B,AM,8,31,07:00,15:00
N025,2025-07-29,B,AM,8,31,07:00,15:00
N008,2025-07-29,B,Flex1,4,31,08:00,12:00
N011,2025-07-29,B,Flex1,4,31,14:00,18:00
N026,2025-07-29,B,Flex1,4,31,07:00,11:00
N036,2025-07-29,B,Flex3,6,31,08:00,14:00
N018,2025-07-29,B,Flex4,7,31,12:00,19:00
N021,2025-07-29,B,Flex4,7,31,12:00,19:00
N013,2025-07-29,B,Flex5,8,31,09:00,17:00
N037,2025-07-29,B,Night,12,31,20:00,08:00
N013,2025-07-29,B,PM,8,31,15:00,23:00
N026,2025-07-29,C,AM,8,31,07:00,15:00
N040,2025-07-29,C,Flex2,5,31,10:00,15:00
N016,2025-07-29,C,Flex3,6,31,09:00,15:00
N009,2025-07-29,C,Flex4,7,31,12:00,19:00
N019,2025-07-29,C,Flex5,8,31,08:00,16:00
N035,2025-07-29,C,Flex5,8,31,09:00,17:00
N035,2025-07-29,ICU,AM,8,31,07:00,15:00
N021,2025-07-29,ICU,Flex1,4,31,14:00,18:00
N028,2025-07-29,ICU,Flex1,4,31,14:00,18:00
N016,2025-07-29,ICU,Flex5,8,31,07:00,15:00
N005,2025-07-29,ICU,Flex6,12,31,07:00,19:00
N028,2025-07-29,ICU,Flex6,12,31,07:00,19:00
N009,2025-07-29,ICU,PM,8,31,15:00,23:00
N006,2025-07-30,A,AM,8,31,07:00,15:00
N034,2025-07-30,A,AM,8,31,07:00,15:00
N039,2025-07-30,A,Flex3,6,31,09:00,15:00
N005,2025-07-30,A,PM,8,31,15:00,23:00
N013,2025-07-30,A,PM,8,31,15:00,23:00
N016,2025-07-30,A,PM,8,31,15:00,23:00
N022,2025-07-30,A,PM,8,31,15:00,23:00
N021,2025-07-30,B,AM,8,31,07:00,15:00
N007,2025-07-30,B,Flex2,5,31,10:00,15:00
N004,2025-07-30,B,PM,8,31,15:00,23:00
N014,2025-07-30,B,PM,8,31,15:00,23:00
N017,2025-07-30,C,AM,8,31,07:00,15:00
N018,2025-07-30,C,AM,8,31,07:00,15:00
N037,2025-07-30,C,Flex5,8,31,08:00,16:00
N021,2025-07-30,C,Flex6,12,31,07:00,19:00
N034,2025-07-30,C,Flex6,12,31,07:00,19:00
N008,2025-07-30,C,Night,12,31,20:00,08:00
N034,2025-07-30,C,PM,8,31,15:00,23:00
N033,2025-07-30,ICU,Flex3,6,31,07:00,13:00
N001,2025-07-30,ICU,Flex4,7,31,12:00,19:00
N035,2025-07-30,ICU,Flex5,8,31,07:00,15:00
N006,2025-07-30,ICU,Flex6,12,31,07:00,19:00
N022,2025-07-31,A,Flex1,4,31,13:00,17:00
N001,2025-07-31,A,Flex2,5,31,10:00,15:00
N015,2025-07-31,A,Flex2,5,31,13:00,18:00
N005,2025-07-31,A,Flex3,6,31,07:00,13:00
N039,2025-07-31,A,Flex3,6,31,08:00,14:00
N009,2025-07-31,A,Flex4,7,31,12:00,19:00
N033,2025-07-31,A,Flex4,7,31,12:00,19:00
N037,2025-07-31,A,Flex4,7,31,12:00,19:00
N004,2025-07-31,A,PM,8,31,15:00,23:00
N014,2025-07-31,A,PM,8,31,15:00,23:00
N008,2025-07-31,B,Flex2,5,31,12:00,17:00
N006,2025-07-31,B,Flex3,6,31,11:00,17:00
N029,2025-07-31,B,Flex3,6,31,09:00,15:00
N032,2025-07-31,B,Flex3,6,31,07:00,13:00
N039,2025-07-31,B,Flex6,12,31,07:00,19:00
N017,2025-07-31,B,PM,8,31,15:00,23:00
N023,2025-07-31,B,PM,8,31,15:00,23:00
N004,2025-07-31,C,AM,8,31,07:00,15:00
N023,2025-07-31,C,AM,8,31,07:00,15:00
N028,2025-07-31,C,AM,8,31,07:00,15:00
N038,2025-07-31,C,Flex1,4,31,08:00,12:00
N010,2025-07-31,C,Flex4,7,31,12:00,19:00
N017,2025-07-31,C,Flex4,7,31,12:00,19:00
N035,2025-07-31,C,Flex4,7,31,12:00,19:00
N003,2025-07-31,C,Night,12,31,20:00,08:00
N018,2025-07-31,ICU,Flex6,12,31,07:00,19:00
N026,2025-07-31,ICU,Flex6,12,31,07:00,19:00
N029,2025-07-31,ICU,PM,8,31,15:00,23:00
N012,2025-08-01,A,AM,8,31,07:00,15:00
N026,2025-08-01,A,Flex1,4,31,08:00,12:00
N013,2025-08-01,A,Flex2,5,31,11:00,16:00
N010,2025-08-01,A,Flex3,6,31,12:00,18:00
N021,2025-08-01,A,Flex4,7,31,12:00,19:00
N029,2025-08-01,A,Flex6,12,31,07:00,19:00
N007,2025-08-01,A,Night,12,31,20:00,08:00
N008,2025-08-01,A,Night,12,31,20:00,08:00
N030,2025-08-01,A,Night,12,31,20:00,08:00
N024,2025-08-01,B,AM,8,31,07:00,15:00
N035,2025-08-01,B,Flex1,4,31,10:00,14:00
N024,2025-08-01,B,Flex2,5,31,12:00,17:00
N003,2025-08-01,B,Flex3,6,31,07:00,13:00
N016,2025-08-01,B,Flex3,6,31,10:00,16:00
N017,2025-08-01,B,Flex3,6,31,07:00,13:00
N027,2025-08-01,B,Flex3,6,31,08:00,14:00
N012,2025-08-01,B,Flex6,12,31,07:00,19:00
N017,2025-08-01,B,Night,12,31,20:00,08:00
N025,2025-08-01,B,Night,12,31,20:00,08:00
N001,2025-08-01,B,PM,8,31,15:00,23:00
N037,2025-08-01,B,PM,8,31,15:00,23:00
N008,2025-08-01,C,AM,8,31,07:00,15:00
N002,2025-08-01,C,Flex1,4,31,11:00,15:00
N017,2025-08-01,C,Flex1,4,31,13:00,17:00
N022,2025-08-01,C,Flex4,7,31,12:00,19:00
N037,2025-08-01,C,Flex5,8,31,08:00,16:00
N008,2025-08-01,C,PM,8,31,15:00,23:00
N036,2025-08-01,C,PM,8,31,15:00,23:00
N015,2025-08-01,ICU,Flex1,4,31,12:00,16:00
N027,2025-08-01,ICU,Flex3,6,31,08:00,14:00
N006,2025-08-01,ICU,Night,12,31,20:00,08:00
N009,2025-08-01,ICU,Night,12,31,20:00,08:00
N012,2025-08-01,ICU,Night,12,31,20:00,08:00
N016,2025-08-01,ICU,PM,8,31,15:00,23:00
N014,2025-08-02,A,AM,8,31,07:00,15:00
N038,2025-08-02,A,AM,8,31,07:00,15:00
N004,2025-08-02,A,Flex3,6,31,08:00,14:00
N009,2025-08-02,A,Flex5,8,31,08:00,16:00
N005,2025-08-02,A,Flex6,12,31,07:00,19:00
N019,2025-08-02,A,Flex6,12,31,07:00,19:00
N022,2025-08-02,A,Flex6,12,31,07:00,19:00
N019,2025-08-02,A,Night,12,31,20:00,08:00
N027,2025-08-02,A,PM,8,31,15:00,23:00
N029,2025-08-02,B,AM,8,31,07:00,15:00
N040,2025-08-02,B,AM,8,31,07:00,15:00
N031,2025-08-02,B,Flex1,4,31,11:00,15:00
N007,2025-08-02,B,Flex2,5,31,09:00,14:00
N009,2025-08-02,B,Flex5,8,31,07:00,15:00
N024,2025-08-02,B,Flex6,12,31,07:00,19:00
N028,2025-08-02,B,Night,12,31,20:00,08:00
N016,2025-08-02,C,AM,8,31,07:00,15:00
N017,2025-08-02,C,Flex1,4,31,13:00,17:00
N023,2025-08-02,C,Flex2,5,31,11:00,16:00
N019,2025-08-02,C,Flex3,6,31,11:00,17:00
N027,2025-08-02,C,Flex3,6,31,07:00,13:00
N025,2025-08-02,C,Flex4,7,31,12:00,19:00
N033,2025-08-02,C,Flex4,7,31,12:00,19:00
N034,2025-08-02,C,Flex4,7,31,12:00,19:00
N002,2025-08-02,C,Flex6,12,31,07:00,19:00
N023,2025-08-02,C,Flex6,12,31,07:00,19:00
N024,2025-08-02,ICU,AM,8,31,07:00,15:00
N032,2025-08-02,ICU,AM,8,31,07:00,15:00
N023,2025-08-02,ICU,Flex2,5,31,10:00,15:00
N010,2025-08-02,ICU,Flex3,6,31,10:00,16:00
N007,2025-08-02,ICU,Flex4,7,31,12:00,19:00
N016,2025-08-02,ICU,Flex6,12,31,07:00,19:00
N008,2025-08-02,ICU,PM,8,31,15:00,23:00
N026,2025-08-02,ICU,PM,8,31,15:00,23:00
N015,2025-08-03,A,Flex1,4,31,12:00,16:00
N013,2025-08-03,A,Flex2,5,31,13:00,18:00
N024,2025-08-03,A,Flex2,5,31,13:00,18:00
N031,2025-08-03,A,Flex3,6,31,09:00,15:00
N003,2025-08-03,A,Flex4,7,31,12:00,19:00
N026,2025-08-03,A,Flex5,8,31,09:00,17:00
N033,2025-08-03,A,Night,12,31,20:00,08:00
N022,2025-08-03,B,AM,8,31,07:00,15:00
N023,2025-08-03,B,Flex1,4,31,12:00,16:00
N006,2025-08-03,B,Flex2,5,31,08:00,13:00
N002,2025-08-03,B,Flex4,7,31,12:00,19:00
N011,2025-08-03,B,Flex6,12,31,07:00,19:00
N013,2025-08-03,B,Flex6,12,31,07:00,19:00
N025,2025-08-03,B,Flex6,12,31,07:00,19:00
N012,2025-08-03,C,AM,8,31,07:00,15:00
N012,2025-08-03,C,Flex1,4,31,08:00,12:00
N017,2025-08-03,C,Flex1,4,31,13:00,17:00
N033,2025-08-03,C,Flex1,4,31,08:00,12:00
N037,2025-08-03,C,Flex1,4,31,13:00,17:00
N032,2025-08-03,C,Flex2,5,31,08:00,13:00
N006,2025-08-03,C,Flex3,6,31,10:00,16:00
N011,2025-08-03,C,Flex3,6,31,07:00,13:00
N034,2025-08-03,C,Flex3,6,31,08:00,14:00
N035,2025-08-03,C,PM,8,31,15:00,23:00
N004,2025-08-03,ICU,AM,8,31,07:00,15:00
N014,2025-08-03,ICU,AM,8,31,07:00,15:00
N019,2025-08-03,ICU,Flex1,4,31,13:00,17:00
N012,2025-08-03,ICU,Flex2,5,31,11:00,16:00
N035,2025-08-03,ICU,Flex2,5,31,11:00,16:00
N009,2025-08-03,ICU,Flex4,7,31,12:00,19:00
N030,2025-08-03,ICU,Flex5,8,31,09:00,17:00
N035,2025-08-03,ICU,Flex5,8,31,07:00,15:00
N017,2025-08-03,ICU,Flex6,12,31,07:00,19:00
N014,2025-08-03,ICU,PM,8,31,15:00,23:00
N022,2025-08-03,ICU,PM,8,31,15:00,23:00
N032,2025-08-03,ICU,PM,8,31,15:00,23:00
N031,2025-08-04,A,AM,8,32,07:00,15:00
N039,2025-08-04,A,Flex1,4,32,10:00,14:00
N010,2025-08-04,A,Flex5,8,32,10:00,18:00
N026,2025-08-04,A,Night,12,32,20:00,08:00
N029,2025-08-04,A,PM,8,32,15:00,23:00
N012,2025-08-04,B,Flex2,5,32,11:00,16:00
N033,2025-08-04,B,Flex5,8,32,10:00,18:00
N010,2025-08-04,C,AM,8,32,07:00,15:00
N024,2025-08-04,C,AM,8,32,07:00,15:00
N033,2025-08-04,C,Flex1,4,32,09:00,13:00
N035,2025-08-04,C,Flex3,6,32,12:00,18:00
N004,2025-08-04,C,Flex4,7,32,12:00,19:00
N016,2025-08-04,C,Flex4,7,32,12:00,19:00
N018,2025-08-04,C,Flex5,8,32,10:00,18:00
N010,2025-08-04,C,Flex6,12,32,07:00,19:00
N028,2025-08-04,C,Flex6,12,32,07:00,19:00
N032,2025-08-04,C,Night,12,32,20:00,08:00
N026,2025-08-04,ICU,AM,8,32,07:00,15:00
N014,2025-08-04,ICU,Flex3,6,32,10:00,16:00
N031,2025-08-04,ICU,Flex3,6,32,12:00,18:00
N002,2025-08-04,ICU,Flex4,7,32,12:00,19:00
N005,2025-08-04,ICU,Night,12,32,20:00,08:00
N025,2025-08-04,ICU,Night,12,32,20:00,08:00
N030,2025-08-04,ICU,Night,12,32,20:00,08:00
N002,2025-08-04,ICU,PM,8,32,15:00,23:00
N024,2025-08-04,ICU,PM,8,32,15:00,23:00
N027,2025-08-05,A,AM,8,32,07:00,15:00
N002,2025-08-05,A,Flex4,7,32,12:00,19:00
N025,2025-08-05,A,Flex4,7,32,12:00,19:00
N003,2025-08-05,B,Flex3,6,32,11:00,17:00
N011,2025-08-05,B,Flex3,6,32,08:00,14:00
N038,2025-08-05,B,Flex5,8,32,09:00,17:00
N031,2025-08-05,B,Night,12,32,20:00,08:00
N032,2025-08-05,B,Night,12,32,20:00,08:00
N029,2025-08-05,B,PM,8,32,15:00,23:00
N012,2025-08-05,C,Flex6,12,32,07:00,19:00
N030,2025-08-05,C,Flex6,12,32,07:00,19:00
N005,2025-08-05,C,Night,12,32,20:00,08:00
N023,2025-08-05,ICU,AM,8,32,07:00,15:00
N027,2025-08-05,ICU,Flex1,4,32,07:00,11:00
N030,2025-08-05,ICU,Flex1,4,32,12:00,16:00
N001,2025-08-05,ICU,Flex5,8,32,10:00,18:00
N015,2025-08-05,ICU,Flex5,8,32,07:00,15:00
N038,2025-08-05,ICU,Flex5,8,32,10:00,18:00
N019,2025-08-05,ICU,Night,12,32,20:00,08:00
N038,2025-08-05,ICU,PM,8,32,15:00,23:00
N011,2025-08-06,A,AM,8,32,07:00,15:00
N019,2025-08-06,A,AM,8,32,07:00,15:00
N006,2025-08-06,A,Flex1,4,32,11:00,15:00
N036,2025-08-06,A,Flex1,4,32,08:00,12:00
N024,2025-08-06,A,Flex2,5,32,12:00,17:00
N009,2025-08-06,A,Flex5,8,32,08:00,16:00
N031,2025-08-06,A,Flex5,8,32,07:00,15:00
N006,2025-08-06,B,Flex1,4,32,07:00,11:00
N017,2025-08-06,B,Flex2,5,32,11:00,16:00
N030,2025-08-06,B,Flex2,5,32,10:00,15:00
N006,2025-08-06,B,Flex3,6,32,08:00,14:00
N013,2025-08-06,B,Flex4,7,32,12:00,19:00
N023,2025-08-06,B,Flex5,8,32,07:00,15:00
N034,2025-08-06,B,Flex5,8,32,07:00,15:00
N035,2025-08-06,B,Flex5,8,32,10:00,18:00
N037,2025-08-06,B,Flex5,8,32,07:00,15:00
N010,2025-08-06,B,Night,12,32,20:00,08:00
N032,2025-08-06,B,PM,8,32,15:00,23:00
N016,2025-08-06,C,Flex1,4,32,07:00,11:00
N030,2025-08-06,C,Flex1,4,32,10:00,14:00
N003,2025-08-06,C,Night,12,32,20:00,08:00
N020,2025-08-06,C,Night,12,32,20:00,08:00
N022,2025-08-06,C,Night,12,32,20:00,08:00
N004,2025-08-06,C,PM,8,32,15:00,23:00
N018,2025-08-06,ICU,Flex1,4,32,10:00,14:00
N034,2025-08-06,ICU,Flex1,4,32,07:00,11:00
N020,2025-08-06,ICU,Flex3,6,32,11:00,17:00
N038,2025-08-06,ICU,Night,12,32,20:00,08:00
N039,2025-08-06,ICU,Night,12,32,20:00,08:00
N003,2025-08-07,A,AM,8,32,07:00,15:00
N012,2025-08-07,A,Flex1,4,32,14:00,18:00
N023,2025-08-07,A,Flex1,4,32,12:00,16:00
N039,2025-08-07,A,Flex2,5,32,08:00,13:00
N008,2025-08-07,A,Flex3,6,32,11:00,17:00
N038,2025-08-07,A,Flex3,6,32,11:00,17:00
N033,2025-08-07,A,Night,12,32,20:00,08:00
N009,2025-08-07,B,Flex3,6,32,11:00,17:00
N022,2025-08-07,B,Flex3,6,32,10:00,16:00
N036,2025-08-07,B,Flex3,6,32,09:00,15:00
N014,2025-08-07,B,Flex4,7,32,12:00,19:00
N029,2025-08-07,B,Flex5,8,32,08:00,16:00
N018,2025-08-07,C,Flex1,4,32,07:00,11:00
N036,2025-08-07,C,Flex2,5,32,11:00,16:00
N028,2025-08-07,C,Flex3,6,32,11:00,17:00
N031,2025-08-07,C,Flex6,12,32,07:00,19:00
N011,2025-08-07,C,Night,12,32,20:00,08:00
N003,2025-08-07,ICU,Flex2,5,32,09:00,14:00
N009,2025-08-07,ICU,Flex3,6,32,10:00,16:00
N029,2025-08-07,ICU,Flex3,6,32,09:00,15:00
N003,2025-08-07,ICU,Flex5,8,32,07:00,15:00
N013,2025-08-07,ICU,Flex6,12,32,07:00,19:00
N021,2025-08-07,ICU,Flex6,12,32,07:00,19:00
N001,2025-08-08,A,AM,8,32,07:00,15:00
N021,2025-08-08,A,AM,8,32,07:00,15:00
N040,2025-08-08,A,Flex1,4,32,07:00,11:00
N014,2025-08-08,A,Flex2,5,32,12:00,17:00
N015,2025-08-08,A,Flex3,6,32,10:00,16:00
N008,2025-08-08,A,Flex4,7,32,12:00,19:00
N031,2025-08-08,A,Flex4,7,32,12:00,19:00
N040,2025-08-08,A,Flex5,8,32,09:00,17:00
N027,2025-08-08,A,Flex6,12,32,07:00,19:00
N007,2025-08-08,A,Night,12,32,20:00,08:00
N018,2025-08-08,B,AM,8,32,07:00,15:00
N028,2025-08-08,B,AM,8,32,07:00,15:00
N034,2025-08-08,B,Flex1,4,32,14:00,18:00
N008,2025-08-08,B,Flex2,5,32,13:00,18:00
N040,2025-08-08,B,Flex5,8,32,07:00,15:00
N032,2025-08-08,B,Night,12,32,20:00,08:00
N002,2025-08-08,C,Flex2,5,32,07:00,12:00
N026,2025-08-08,C,Flex3,6,32,12:00,18:00
N034,2025-08-08,C,Flex4,7,32,12:00,19:00
N014,2025-08-08,C,Flex5,8,32,10:00,18:00
N040,2025-08-08,C,Flex6,12,32,07:00,19:00
N011,2025-08-08,ICU,Flex2,5,32,07:00,12:00
N039,2025-08-08,ICU,Flex2,5,32,08:00,13:00
N001,2025-08-08,ICU,Flex4,7,32,12:00,19:00
N011,2025-08-08,ICU,Flex4,7,32,12:00,19:00
N004,2025-08-08,ICU,Flex5,8,32,08:00,16:00
N039,2025-08-08,ICU,Flex6,12,32,07:00,19:00
N020,2025-08-08,ICU,Night,12,32,20:00,08:00
N003,2025-08-08,ICU,PM,8,32,15:00,23:00
N038,2025-08-09,A,Flex1,4,32,12:00,16:00
N020,2025-08-09,A,Flex2,5,32,11:00,16:00
N024,2025-08-09,A,Flex2,5,32,13:00,18:00
N040,2025-08-09,A,Flex2,5,32,10:00,15:00
N010,2025-08-09,A,Flex4,7,32,12:00,19:00
N036,2025-08-09,A,Flex4,7,32,12:00,19:00
N021,2025-08-09,A,Flex5,8,32,10:00,18:00
N001,2025-08-09,A,Night,12,32,20:00,08:00
N015,2025-08-09,A,Night,12,32,20:00,08:00
N020,2025-08-09,A,PM,8,32,15:00,23:00
N037,2025-08-09,A,PM,8,32,15:00,23:00
N029,2025-08-09,B,AM,8,32,07:00,15:00
N007,2025-08-09,B,Flex1,4,32,07:00,11:00
N018,2025-08-09,B,Flex2,5,32,13:00,18:00
N020,2025-08-09,B,Flex4,7,32,12:00,19:00
N002,2025-08-09,B,Flex6,12,32,07:00,19:00
N004,2025-08-09,B,Flex6,12,32,07:00,19:00
N020,2025-08-09,B,Night,12,32,20:00,08:00
N040,2025-08-09,B,Night,12,32,20:00,08:00
N007,2025-08-09,B,PM,8,32,15:00,23:00
N023,2025-08-09,C,AM,8,32,07:00,15:00
N038,2025-08-09,C,Flex1,4,32,09:00,13:00
N012,2025-08-09,C,Flex3,6,32,11:00,17:00
N035,2025-08-09,C,Flex5,8,32,07:00,15:00
N038,2025-08-09,C,Flex6,12,32,07:00,19:00
N015,2025-08-09,C,Night,12,32,20:00,08:00
N040,2025-08-09,ICU,Flex1,4,32,14:00,18:00
N004,2025-08-09,ICU,Flex2,5,32,13:00,18:00
N011,2025-08-09,ICU,Flex2,5,32,08:00,13:00
N015,2025-08-09,ICU,Flex2,5,32,13:00,18:00
N024,2025-08-09,ICU,Flex2,5,32,12:00,17:00
N018,2025-08-09,ICU,Flex3,6,32,09:00,15:00
N016,2025-08-09,ICU,Flex5,8,32,08:00,16:00
N007,2025-08-09,ICU,PM,8,32,15:00,23:00
N036,2025-08-10,A,AM,8,32,07:00,15:00
N015,2025-08-10,A,Flex4,7,32,12:00,19:00
N036,2025-08-10,A,Flex6,12,32,07:00,19:00
N025,2025-08-10,A,PM,8,32,15:00,23:00
N034,2025-08-10,B,Flex4,7,32,12:00,19:00
N023,2025-08-10,C,AM,8,32,07:00,15:00
N014,2025-08-10,C,Flex2,5,32,09:00,14:00
N040,2025-08-10,C,Flex2,5,32,09:00,14:00
N018,2025-08-10,C,Night,12,32,20:00,08:00
N010,2025-08-10,ICU,AM,8,32,07:00,15:00
N019,2025-08-10,ICU,Flex1,4,32,13:00,17:00
N027,2025-08-10,ICU,Flex5,8,32,07:00,15:00
N006,2025-08-10,ICU,Flex6,12,32,07:00,19:00
N014,2025-08-11,A,Flex1,4,33,08:00,12:00
N036,2025-08-11,A,Flex1,4,33,10:00,14:00
N003,2025-08-11,A,Flex2,5,33,10:00,15:00
N019,2025-08-11,A,Flex4,7,33,12:00,19:00
N014,2025-08-11,A,Flex6,12,33,07:00,19:00
N022,2025-08-11,A,Night,12,33,20:00,08:00
N022,2025-08-11,B,AM,8,33,07:00,15:00
N026,2025-08-11,B,AM,8,33,07:00,15:00
N005,2025-08-11,B,Flex1,4,33,13:00,17:00
N028,2025-08-11,B,Flex2,5,33,11:00,16:00
N002,2025-08-11,B,Flex6,12,33,07:00,19:00
N028,2025-08-11,B,Flex6,12,33,07:00,19:00
N012,2025-08-11,B,Night,12,33,20:00,08:00
N013,2025-08-11,B,Night,12,33,20:00,08:00
N027,2025-08-11,B,PM,8,33,15:00,23:00
N004,2025-08-11,C,AM,8,33,07:00,15:00
N008,2025-08-11,C,AM,8,33,07:00,15:00
N018,2025-08-11,C,AM,8,33,07:00,15:00
N002,2025-08-11,C,Flex1,4,33,13:00,17:00
N013,2025-08-11,C,Flex2,5,33,11:00,16:00
N019,2025-08-11,C,Flex3,6,33,09:00,15:00
N035,2025-08-11,C,Flex4,7,33,12:00,19:00
N001,2025-08-11,C,Flex5,8,33,10:00,18:00
N008,2025-08-11,C,Flex5,8,33,08:00,16:00
N037,2025-08-11,C,PM,8,33,15:00,23:00
N033,2025-08-11,ICU,AM,8,33,07:00,15:00
N009,2025-08-11,ICU,Flex1,4,33,07:00,11:00
N012,2025-08-11,ICU,Flex1,4,33,11:00,15:00
N032,2025-08-11,ICU,Flex4,7,33,12:00,19:00
N032,2025-08-11,ICU,Flex5,8,33,08:00,16:00
N035,2025-08-11,ICU,Flex5,8,33,07:00,15:00
N040,2025-08-11,ICU,Flex5,8,33,09:00,17:00
N029,2025-08-11,ICU,Flex6,12,33,07:00,19:00
N010,2025-08-11,ICU,Night,12,33,20:00,08:00
N039,2025-08-11,ICU,Night,12,33,20:00,08:00
N005,2025-08-12,A,Flex2,5,33,07:00,12:00
N019,2025-08-12,A,Flex2,5,33,07:00,12:00
N019,2025-08-12,A,Flex3,6,33,10:00,16:00
N021,2025-08-12,A,Flex4,7,33,12:00,19:00
N037,2025-08-12,A,Flex4,7,33,12:00,19:00
N022,2025-08-12,A,Flex5,8,33,09:00,17:00
N037,2025-08-12,A,Flex5,8,33,08:00,16:00
N002,2025-08-12,A,Night,12,33,20:00,08:00
N023,2025-08-12,A,PM,8,33,15:00,23:00
N037,2025-08-12,B,Flex2,5,33,11:00,16:00
N028,2025-08-12,B,Flex3,6,33,10:00,16:00
N007,2025-08-12,B,Flex4,7,33,12:00,19:00
N024,2025-08-12,B,Flex5,8,33,07:00,15:00
N004,2025-08-12,B,Flex6,12,33,07:00,19:00
N001,2025-08-12,C,AM,8,33,07:00,15:00
N032,2025-08-12,C,Flex3,6,33,09:00,15:00
N037,2025-08-12,C,Flex3,6,33,08:00,14:00
N026,2025-08-12,C,Flex4,7,33,12:00,19:00
N039,2025-08-12,C,Flex5,8,33,08:00,16:00
N026,2025-08-12,C,Flex6,12,33,07:00,19:00
N007,2025-08-12,ICU,Flex1,4,33,11:00,15:00
N016,2025-08-12,ICU,Flex1,4,33,11:00,15:00
N019,2025-08-12,ICU,Flex2,5,33,11:00,16:00
N033,2025-08-12,ICU,Flex2,5,33,12:00,17:00
N036,2025-08-12,ICU,Flex2,5,33,12:00,17:00
N037,2025-08-12,ICU,Flex2,5,33,07:00,12:00
N033,2025-08-12,ICU,Flex5,8,33,09:00,17:00
N003,2025-08-12,ICU,Night,12,33,20:00,08:00
N003,2025-08-13,A,Flex2,5,33,11:00,16:00
N012,2025-08-13,A,Flex4,7,33,12:00,19:00
N020,2025-08-13,A,Flex5,8,33,09:00,17:00
N034,2025-08-13,A,Night,12,33,20:00,08:00
N002,2025-08-13,A,PM,8,33,15:00,23:00
N036,2025-08-13,B,Flex1,4,33,07:00,11:00
N031,2025-08-13,B,Flex4,7,33,12:00,19:00
N002,2025-08-13,B,Flex5,8,33,10:00,18:00
N007,2025-08-13,B,Flex5,8,33,07:00,15:00
N016,2025-08-13,B,Night,12,33,20:00,08:00
N017,2025-08-13,C,Flex1,4,33,13:00,17:00
N022,2025-08-13,C,Flex1,4,33,08:00,12:00
N006,2025-08-13,C,Flex3,6,33,09:00,15:00
N010,2025-08-13,C,Flex6,12,33,07:00,19:00
N013,2025-08-13,C,Flex6,12,33,07:00,19:00
N009,2025-08-13,ICU,AM,8,33,07:00,15:00
N033,2025-08-13,ICU,AM,8,33,07:00,15:00
N027,2025-08-13,ICU,Flex2,5,33,11:00,16:00
N014,2025-08-13,ICU,Flex3,6,33,12:00,18:00
N032,2025-08-13,ICU,Flex3,6,33,07:00,13:00
N006,2025-08-13,ICU,Flex4,7,33,12:00,19:00
N023,2025-08-13,ICU,Night,12,33,20:00,08:00
N008,2025-08-13,ICU,PM,8,33,15:00,23:00
N019,2025-08-13,ICU,PM,8,33,15:00,23:00
N012,2025-08-14,A,Flex1,4,33,08:00,12:00
N034,2025-08-14,A,Flex1,4,33,07:00,11:00
N038,2025-08-14,A,Flex1,4,33,08:00,12:00
N016,2025-08-14,A,Flex3,6,33,09:00,15:00
N040,2025-08-14,A,Flex4,7,33,12:00,19:00
N005,2025-08-14,A,Flex5,8,33,09:00,17:00
N015,2025-08-14,A,Flex6,12,33,07:00,19:00
N029,2025-08-14,A,Flex6,12,33,07:00,19:00
N029,2025-08-14,A,Night,12,33,20:00,08:00
N031,2025-08-14,B,AM,8,33,07:00,15:00
N038,2025-08-14,B,AM,8,33,07:00,15:00
N009,2025-08-14,B,Flex1,4,33,12:00,16:00
N030,2025-08-14,C,AM,8,33,07:00,15:00
N024,2025-08-14,C,Flex1,4,33,11:00,15:00
N040,2025-08-14,C,Flex3,6,33,07:00,13:00
N023,2025-08-14,C,Flex5,8,33,07:00,15:00
N026,2025-08-14,C,Flex5,8,33,08:00,16:00
N028,2025-08-14,C,PM,8,33,15:00,23:00
N033,2025-08-14,ICU,AM,8,33,07:00,15:00
N021,2025-08-14,ICU,Flex1,4,33,10:00,14:00
N037,2025-08-14,ICU,Flex1,4,33,13:00,17:00
N018,2025-08-14,ICU,Flex2,5,33,09:00,14:00
N022,2025-08-14,ICU,Flex4,7,33,12:00,19:00
N023,2025-08-14,ICU,Flex4,7,33,12:00,19:00
N033,2025-08-14,ICU,Flex4,7,33,12:00,19:00
N034,2025-08-15,A,Flex1,4,33,08:00,12:00
N035,2025-08-15,A,Flex2,5,33,12:00,17:00
N012,2025-08-15,A,Flex4,7,33,12:00,19:00
N040,2025-08-15,A,Flex6,12,33,07:00,19:00
N019,2025-08-15,B,Flex1,4,33,11:00,15:00
N006,2025-08-15,B,Flex2,5,33,13:00,18:00
N010,2025-08-15,B,Flex2,5,33,13:00,18:00
N038,2025-08-15,B,Flex3,6,33,09:00,15:00
N007,2025-08-15,B,Flex4,7,33,12:00,19:00
N020,2025-08-15,B,Flex4,7,33,12:00,19:00
N007,2025-08-15,B,Flex6,12,33,07:00,19:00
N009,2025-08-15,B,Flex6,12,33,07:00,19:00
N037,2025-08-15,B,Night,12,33,20:00,08:00
N001,2025-08-15,B,PM,8,33,15:00,23:00
N008,2025-08-15,B,PM,8,33,15:00,23:00
N040,2025-08-15,C,AM,8,33,07:00,15:00
N018,2025-08-15,C,Flex2,5,33,12:00,17:00
N031,2025-08-15,C,Flex3,6,33,09:00,15:00
N013,2025-08-15,C,Flex4,7,33,12:00,19:00
N021,2025-08-15,C,Flex4,7,33,12:00,19:00
N038,2025-08-15,C,Flex4,7,33,12:00,19:00
N025,2025-08-15,C,Flex5,8,33,10:00,18:00
N027,2025-08-15,C,Flex6,12,33,07:00,19:00
N031,2025-08-15,C,Flex6,12,33,07:00,19:00
N036,2025-08-15,C,Flex6,12,33,07:00,19:00
N032,2025-08-15,C,PM,8,33,15:00,23:00
N036,2025-08-15,C,PM,8,33,15:00,23:00
N004,2025-08-15,ICU,Flex5,8,33,08:00,16:00
N006,2025-08-15,ICU,PM,8,33,15:00,23:00
N017,2025-08-15,ICU,PM,8,33,15:00,23:00
N024,2025-08-15,ICU,PM,8,33,15:00,23:00
N035,2025-08-15,ICU,PM,8,33,15:00,23:00
N036,2025-08-15,ICU,PM,8,33,15:00,23:00
N012,2025-08-16,A,AM,8,33,07:00,15:00
N002,2025-08-16,A,Flex2,5,33,08:00,13:00
N015,2025-08-16,A,Flex2,5,33,11:00,16:00
N019,2025-08-16,A,Flex4,7,33,12:00,19:00
N030,2025-08-16,A,Flex5,8,33,09:00,17:00
N002,2025-08-16,A,Flex6,12,33,07:00,19:00
N017,2025-08-16,A,Flex6,12,33,07:00,19:00
N032,2025-08-16,A,Night,12,33,20:00,08:00
N011,2025-08-16,B,Flex1,4,33,08:00,12:00
N014,2025-08-16,B,Flex2,5,33,08:00,13:00
N018,2025-08-16,B,Flex2,5,33,10:00,15:00
N031,2025-08-16,B,Flex2,5,33,11:00,16:00
N018,2025-08-16,B,Flex5,8,33,08:00,16:00
N023,2025-08-16,B,Flex6,12,33,07:00,19:00
N001,2025-08-16,B,PM,8,33,15:00,23:00
N012,2025-08-16,C,AM,8,33,07:00,15:00
N026,2025-08-16,C,AM,8,33,07:00,15:00
N025,2025-08-16,C,Flex1,4,33,10:00,14:00
N003,2025-08-16,C,Flex2,5,33,13:00,18:00
N005,2025-08-16,C,Flex2,5,33,13:00,18:00
N029,2025-08-16,C,Flex2,5,33,11:00,16:00
N012,2025-08-16,C,Flex5,8,33,08:00,16:00
N029,2025-08-16,C,Flex5,8,33,08:00,16:00
N027,2025-08-16,C,Flex6,12,33,07:00,19:00
N010,2025-08-16,C,Night,12,33,20:00,08:00
N021,2025-08-16,C,PM,8,33,15:00,23:00
N002,2025-08-16,ICU,AM,8,33,07:00,15:00
N015,2025-08-16,ICU,Flex1,4,33,09:00,13:00
N028,2025-08-16,ICU,Flex2,5,33,09:00,14:00
N029,2025-08-16,ICU,Flex4,7,33,12:00,19:00
N003,2025-08-16,ICU,Flex5,8,33,09:00,17:00
N018,2025-08-16,ICU,Flex5,8,33,07:00,15:00
N024,2025-08-16,ICU,Flex5,8,33,07:00,15:00
N003,2025-08-16,ICU,Flex6,12,33,07:00,19:00
N015,2025-08-16,ICU,PM,8,33,15:00,23:00
N037,2025-08-16,ICU,PM,8,33,15:00,23:00
N007,2025-08-17,A,AM,8,33,07:00,15:00
N024,2025-08-17,A,AM,8,33,07:00,15:00
N013,2025-08-17,A,Flex2,5,33,13:00,18:00
N024,2025-08-17,A,Flex2,5,33,10:00,15:00
N028,2025-08-17,A,Flex3,6,33,09:00,15:00
N025,2025-08-17,A,Flex4,7,33,12:00,19:00
N003,2025-08-17,A,Flex5,8,33,08:00,16:00
N030,2025-08-17,A,Flex5,8,33,07:00,15:00
N023,2025-08-17,A,Flex6,12,33,07:00,19:00
N038,2025-08-17,A,Flex6,12,33,07:00,19:00
N015,2025-08-17,A,Night,12,33,20:00,08:00
N009,2025-08-17,A,PM,8,33,15:00,23:00
N034,2025-08-17,B,AM,8,33,07:00,15:00
N008,2025-08-17,B,Flex2,5,33,11:00,16:00
N016,2025-08-17,B,Flex3,6,33,07:00,13:00
N004,2025-08-17,B,Flex4,7,33,12:00,19:00
N011,2025-08-17,B,Flex4,7,33,12:00,19:00
N032,2025-08-17,B,Flex5,8,33,10:00,18:00
N017,2025-08-17,B,Night,12,33,20:00,08:00
N031,2025-08-17,C,Flex1,4,33,09:00,13:00
N001,2025-08-17,C,Flex2,5,33,11:00,16:00
N003,2025-08-17,C,Flex3,6,33,12:00,18:00
N020,2025-08-17,C,Flex6,12,33,07:00,19:00
N022,2025-08-17,C,Flex6,12,33,07:00,19:00
N025,2025-08-17,C,Flex6,12,33,07:00,19:00
N035,2025-08-17,C,Night,12,33,20:00,08:00
N031,2025-08-17,ICU,Flex1,4,33,10:00,14:00
N011,2025-08-17,ICU,Flex6,12,33,07:00,19:00
N034,2025-08-17,ICU,Flex6,12,33,07:00,19:00
N001,2025-08-17,ICU,Night,12,33,20:00,08:00
N016,2025-08-17,ICU,Night,12,33,20:00,08:00
N021,2025-08-17,ICU,Night,12,33,20:00,08:00
N033,2025-08-17,ICU,Night,12,33,20:00,08:00
N008,2025-08-18,A,Flex1,4,34,11:00,15:00
N008,2025-08-18,A,Flex2,5,34,08:00,13:00
N010,2025-08-18,A,Flex2,5,34,09:00,14:00
N014,2025-08-18,A,Flex4,7,34,12:00,19:00
N022,2025-08-18,A,Flex5,8,34,09:00,17:00
N015,2025-08-18,A,Night,12,34,20:00,08:00
N024,2025-08-18,A,Night,12,34,20:00,08:00
N003,2025-08-18,A,PM,8,34,15:00,23:00
N028,2025-08-18,A,PM,8,34,15:00,23:00
N006,2025-08-18,B,Flex2,5,34,11:00,16:00
N018,2025-08-18,B,Flex2,5,34,13:00,18:00
N030,2025-08-18,B,Flex3,6,34,09:00,15:00
N034,2025-08-18,C,AM,8,34,07:00,15:00
N039,2025-08-18,C,AM,8,34,07:00,15:00
N033,2025-08-18,C,Flex1,4,34,10:00,14:00
N015,2025-08-18,C,Flex5,8,34,08:00,16:00
N021,2025-08-18,C,Flex6,12,34,07:00,19:00
N026,2025-08-18,C,Flex6,12,34,07:00,19:00
N004,2025-08-18,C,PM,8,34,15:00,23:00
N033,2025-08-18,ICU,Flex5,8,34,10:00,18:00
N005,2025-08-18,ICU,PM,8,34,15:00,23:00
N010,2025-08-18,ICU,PM,8,34,15:00,23:00
N010,2025-08-19,A,AM,8,34,07:00,15:00
N026,2025-08-19,A,Flex4,7,34,12:00,19:00
N006,2025-08-19,A,PM,8,34,15:00,23:00
N001,2025-08-19,B,AM,8,34,07:00,15:00
N008,2025-08-19,B,Flex1,4,34,14:00,18:00
N025,2025-08-19,B,Flex1,4,34,07:00,11:00
N013,2025-08-19,B,Flex3,6,34,07:00,13:00
N040,2025-08-19,B,Flex5,8,34,10:00,18:00
N035,2025-08-19,B,Night,12,34,20:00,08:00
N020,2025-08-19,C,AM,8,34,07:00,15:00
N014,2025-08-19,C,Flex1,4,34,07:00,11:00
N002,2025-08-19,C,Flex4,7,34,12:00,19:00
N040,2025-08-19,C,Flex5,8,34,08:00,16:00
N025,2025-08-19,C,Night,12,34,20:00,08:00
N009,2025-08-19,C,PM,8,34,15:00,23:00
N022,2025-08-19,ICU,AM,8,34,07:00,15:00
N023,2025-08-19,ICU,AM,8,34,07:00,15:00
N040,2025-08-19,ICU,Flex1,4,34,13:00,17:00
N018,2025-08-19,ICU,Flex2,5,34,11:00,16:00
N001,2025-08-19,ICU,Flex4,7,34,12:00,19:00
N036,2025-08-19,ICU,Flex4,7,34,12:00,19:00
N013,2025-08-19,ICU,Night,12,34,20:00,08:00
N018,2025-08-19,ICU,PM,8,34,15:00,23:00
N016,2025-08-20,A,AM,8,34,07:00,15:00
N039,2025-08-20,A,AM,8,34,07:00,15:00
N031,2025-08-20,A,Flex1,4,34,14:00,18:00
N027,2025-08-20,A,Flex3,6,34,08:00,14:00
N009,2025-08-20,A,Flex4,7,34,12:00,19:00
N025,2025-08-20,A,Flex5,8,34,09:00,17:00
N003,2025-08-20,A,PM,8,34,15:00,23:00
N017,2025-08-20,B,AM,8,34,07:00,15:00
N035,2025-08-20,B,Flex1,4,34,14:00,18:00
N014,2025-08-20,B,Flex2,5,34,11:00,16:00
N031,2025-08-20,B,Flex2,5,34,08:00,13:00
N005,2025-08-20,B,Flex4,7,34,12:00,19:00
N020,2025-08-20,B,Flex4,7,34,12:00,19:00
N005,2025-08-20,B,Flex5,8,34,07:00,15:00
N019,2025-08-20,B,Flex6,12,34,07:00,19:00
N005,2025-08-20,C,Flex1,4,34,07:00,11:00
N008,2025-08-20,C,Flex1,4,34,14:00,18:00
N014,2025-08-20,C,Flex3,6,34,12:00,18:00
N015,2025-08-20,C,Flex3,6,34,10:00,16:00
N014,2025-08-20,C,Flex4,7,34,12:00,19:00
N039,2025-08-20,C,Flex5,8,34,10:00,18:00
N010,2025-08-20,ICU,Flex4,7,34,12:00,19:00
N011,2025-08-20,ICU,Flex4,7,34,12:00,19:00
N021,2025-08-20,ICU,Flex4,7,34,12:00,19:00
N014,2025-08-20,ICU,Flex5,8,34,09:00,17:00
N032,2025-08-20,ICU,Night,12,34,20:00,08:00
N027,2025-08-21,A,AM,8,34,07:00,15:00
N028,2025-08-21,A,AM,8,34,07:00,15:00
N009,2025-08-21,A,Flex1,4,34,10:00,14:00
N004,2025-08-21,A,Flex2,5,34,08:00,13:00
N019,2025-08-21,A,Flex2,5,34,07:00,12:00
N023,2025-08-21,A,Flex4,7,34,12:00,19:00
N017,2025-08-21,A,Flex6,12,34,07:00,19:00
N008,2025-08-21,A,Night,12,34,20:00,08:00
N029,2025-08-21,A,Night,12,34,20:00,08:00
N038,2025-08-21,A,Night,12,34,20:00,08:00
N005,2025-08-21,B,AM,8,34,07:00,15:00
N012,2025-08-21,B,AM,8,34,07:00,15:00
N007,2025-08-21,B,Flex2,5,34,07:00,12:00
N036,2025-08-21,B,Flex2,5,34,12:00,17:00
N011,2025-08-21,B,Flex3,6,34,08:00,14:00
N028,2025-08-21,B,Flex3,6,34,11:00,17:00
N036,2025-08-21,B,Flex3,6,34,12:00,18:00
N006,2025-08-21,B,Flex4,7,34,12:00,19:00
N018,2025-08-21,B,Flex5,8,34,10:00,18:00
N021,2025-08-21,B,PM,8,34,15:00,23:00
N040,2025-08-21,C,AM,8,34,07:00,15:00
N024,2025-08-21,C,Flex4,7,34,12:00,19:00
N023,2025-08-21,C,Flex5,8,34,09:00,17:00
N020,2025-08-21,C,Flex6,12,34,07:00,19:00
N024,2025-08-21,C,Flex6,12,34,07:00,19:00
N039,2025-08-21,C,Flex6,12,34,07:00,19:00
N020,2025-08-21,C,PM,8,34,15:00,23:00
N035,2025-08-21,ICU,AM,8,34,07:00,15:00
N001,2025-08-21,ICU,Flex1,4,34,12:00,16:00
N007,2025-08-21,ICU,Flex3,6,34,09:00,15:00
N009,2025-08-21,ICU,Flex4,7,34,12:00,19:00
N008,2025-08-21,ICU,PM,8,34,15:00,23:00
N010,2025-08-22,A,AM,8,34,07:00,15:00
N030,2025-08-22,A,Flex2,5,34,11:00,16:00
N019,2025-08-22,A,Flex5,8,34,08:00,16:00
N034,2025-08-22,A,PM,8,34,15:00,23:00
N026,2025-08-22,B,AM,8,34,07:00,15:00
N009,2025-08-22,B,Flex3,6,34,12:00,18:00
N025,2025-08-22,B,Flex3,6,34,09:00,15:00
N002,2025-08-22,B,Flex4,7,34,12:00,19:00
N005,2025-08-22,B,Flex5,8,34,07:00,15:00
N029,2025-08-22,B,Flex5,8,34,07:00,15:00
N030,2025-08-22,B,Flex6,12,34,07:00,19:00
N011,2025-08-22,B,Night,12,34,20:00,08:00
N030,2025-08-22,C,Flex3,6,34,12:00,18:00
N031,2025-08-22,C,Flex4,7,34,12:00,19:00
N018,2025-08-22,C,Flex5,8,34,08:00,16:00
N011,2025-08-22,C,PM,8,34,15:00,23:00
N022,2025-08-22,C,PM,8,34,15:00,23:00
N034,2025-08-22,ICU,Flex1,4,34,07:00,11:00
N032,2025-08-22,ICU,Flex2,5,34,12:00,17:00
N001,2025-08-22,ICU,Flex4,7,34,12:00,19:00
N006,2025-08-22,ICU,Flex4,7,34,12:00,19:00
N014,2025-08-22,ICU,Flex4,7,34,12:00,19:00
N040,2025-08-22,ICU,Night,12,34,20:00,08:00
N016,2025-08-22,ICU,PM,8,34,15:00,23:00
N027,2025-08-22,ICU,PM,8,34,15:00,23:00
N036,2025-08-22,ICU,PM,8,34,15:00,23:00
N037,2025-08-22,ICU,PM,8,34,15:00,23:00
N035,2025-08-23,A,Flex1,4,34,11:00,15:00
N017,2025-08-23,A,Flex4,7,34,12:00,19:00
N027,2025-08-23,A,Flex4,7,34,12:00,19:00
N038,2025-08-23,A,Flex4,7,34,12:00,19:00
N007,2025-08-23,B,Flex1,4,34,10:00,14:00
N035,2025-08-23,B,Flex2,5,34,11:00,16:00
N011,2025-08-23,B,Flex6,12,34,07:00,19:00
N013,2025-08-23,B,Night,12,34,20:00,08:00
N015,2025-08-23,C,Flex2,5,34,07:00,12:00
N038,2025-08-23,C,Flex6,12,34,07:00,19:00
N021,2025-08-23,ICU,AM,8,34,07:00,15:00
N030,2025-08-23,ICU,AM,8,34,07:00,15:00
N013,2025-08-23,ICU,Flex2,5,34,08:00,13:00
N031,2025-08-23,ICU,Flex3,6,34,11:00,17:00
N034,2025-08-23,ICU,Flex3,6,34,08:00,14:00
N033,2025-08-23,ICU,Flex4,7,34,12:00,19:00
N007,2025-08-23,ICU,Flex6,12,34,07:00,19:00
N025,2025-08-23,ICU,Flex6,12,34,07:00,19:00
N030,2025-08-23,ICU,PM,8,34,15:00,23:00
N028,2025-08-24,A,AM,8,34,07:00,15:00
N020,2025-08-24,A,Flex2,5,34,08:00,13:00
N026,2025-08-24,A,Flex4,7,34,12:00,19:00
N006,2025-08-24,A,Flex6,12,34,07:00,19:00
N039,2025-08-24,A,Flex6,12,34,07:00,19:00
N036,2025-08-24,B,AM,8,34,07:00,15:00
N014,2025-08-24,B,Flex1,4,34,12:00,16:00
N017,2025-08-24,B,Flex1,4,34,13:00,17:00
N029,2025-08-24,B,Flex3,6,34,11:00,17:00
N004,2025-08-24,B,Flex6,12,34,07:00,19:00
N004,2025-08-24,B,Night,12,34,20:00,08:00
N037,2025-08-24,B,PM,8,34,15:00,23:00
N016,2025-08-24,C,AM,8,34,07:00,15:00
N017,2025-08-24,C,AM,8,34,07:00,15:00
N034,2025-08-24,C,AM,8,34,07:00,15:00
N038,2025-08-24,C,Flex3,6,34,11:00,17:00
N004,2025-08-24,C,Flex4,7,34,12:00,19:00
N015,2025-08-24,C,Flex4,7,34,12:00,19:00
N027,2025-08-24,C,Flex4,7,34,12:00,19:00
N005,2025-08-24,C,Flex5,8,34,08:00,16:00
N016,2025-08-24,C,Night,12,34,20:00,08:00
N019,2025-08-24,ICU,Flex1,4,34,13:00,17:00
N033,2025-08-24,ICU,Flex1,4,34,10:00,14:00
N020,2025-08-24,ICU,Flex2,5,34,12:00,17:00
N011,2025-08-24,ICU,Flex4,7,34,12:00,19:00
N012,2025-08-24,ICU,Flex4,7,34,12:00,19:00
N027,2025-08-24,ICU,Flex4,7,34,12:00,19:00
N039,2025-08-24,ICU,Flex4,7,34,12:00,19:00
N006,2025-08-24,ICU,Flex5,8,34,07:00,15:00
N031,2025-08-24,ICU,Flex5,8,34,08:00,16:00
N009,2025-08-24,ICU,PM,8,34,15:00,23:00
N030,2025-08-24,ICU,PM,8,34,15:00,23:00
N021,2025-08-25,A,AM,8,35,07:00,15:00
N010,2025-08-25,A,Flex1,4,35,10:00,14:00
N021,2025-08-25,A,Flex2,5,35,07:00,12:00
N035,2025-08-25,A,Flex5,8,35,07:00,15:00
N040,2025-08-25,A,Flex6,12,35,07:00,19:00
N006,2025-08-25,A,PM,8,35,15:00,23:00
N034,2025-08-25,A,PM,8,35,15:00,23:00
N024,2025-08-25,B,AM,8,35,07:00,15:00
N007,2025-08-25,B,Flex1,4,35,10:00,14:00
N011,2025-08-25,B,Flex1,4,35,11:00,15:00
N027,2025-08-25,B,Flex2,5,35,07:00,12:00
N039,2025-08-25,B,Flex2,5,35,08:00,13:00
N006,2025-08-25,B,Flex4,7,35,12:00,19:00
N007,2025-08-25,B,Flex4,7,35,12:00,19:00
N017,2025-08-25,B,Flex4,7,35,12:00,19:00
N031,2025-08-25,B,Flex4,7,35,12:00,19:00
N037,2025-08-25,B,Flex4,7,35,12:00,19:00
N033,2025-08-25,B,Flex5,8,35,07:00,15:00
N022,2025-08-25,B,Flex6,12,35,07:00,19:00
N039,2025-08-25,B,Flex6,12,35,07:00,19:00
N011,2025-08-25,B,PM,8,35,15:00,23:00
N029,2025-08-25,B,PM,8,35,15:00,23:00
N012,2025-08-25,C,Flex1,4,35,08:00,12:00
N030,2025-08-25,C,Flex2,5,35,08:00,13:00
N022,2025-08-25,C,Flex3,6,35,08:00,14:00
N014,2025-08-25,C,Flex4,7,35,12:00,19:00
N005,2025-08-25,C,Flex5,8,35,07:00,15:00
N007,2025-08-25,C,Night,12,35,20:00,08:00
N035,2025-08-25,ICU,AM,8,35,07:00,15:00
N039,2025-08-25,ICU,Flex2,5,35,13:00,18:00
N027,2025-08-25,ICU,Flex3,6,35,10:00,16:00
N029,2025-08-25,ICU,Flex3,6,35,09:00,15:00
N031,2025-08-25,ICU,Flex4,7,35,12:00,19:00
N001,2025-08-25,ICU,Flex6,12,35,07:00,19:00
N031,2025-08-25,ICU,Night,12,35,20:00,08:00
N008,2025-08-26,A,AM,8,35,07:00,15:00
N015,2025-08-26,A,Flex1,4,35,10:00,14:00
N032,2025-08-26,A,Flex1,4,35,13:00,17:00
N019,2025-08-26,A,Flex3,6,35,12:00,18:00
N037,2025-08-26,A,Flex3,6,35,09:00,15:00
N032,2025-08-26,A,Flex6,12,35,07:00,19:00
N003,2025-08-26,A,Night,12,35,20:00,08:00
N013,2025-08-26,B,AM,8,35,07:00,15:00
N010,2025-08-26,B,Flex2,5,35,08:00,13:00
N027,2025-08-26,B,Flex3,6,35,09:00,15:00
N034,2025-08-26,B,Flex3,6,35,12:00,18:00
N029,2025-08-26,B,Flex4,7,35,12:00,19:00
N027,2025-08-26,B,Flex5,8,35,07:00,15:00
N001,2025-08-26,B,Flex6,12,35,07:00,19:00
N004,2025-08-26,B,Flex6,12,35,07:00,19:00
N022,2025-08-26,B,Night,12,35,20:00,08:00
N007,2025-08-26,C,AM,8,35,07:00,15:00
N020,2025-08-26,C,AM,8,35,07:00,15:00
N026,2025-08-26,C,Flex1,4,35,09:00,13:00
N007,2025-08-26,C,Flex3,6,35,12:00,18:00
N014,2025-08-26,C,Flex6,12,35,07:00,19:00
N021,2025-08-26,C,Flex6,12,35,07:00,19:00
N023,2025-08-26,C,Flex6,12,35,07:00,19:00
N018,2025-08-26,C,Night,12,35,20:00,08:00
N015,2025-08-26,ICU,Flex1,4,35,10:00,14:00
N028,2025-08-26,ICU,Flex3,6,35,12:00,18:00
N032,2025-08-26,ICU,Flex3,6,35,09:00,15:00
N011,2025-08-26,ICU,Flex4,7,35,12:00,19:00
N030,2025-08-26,ICU,Flex4,7,35,12:00,19:00
N038,2025-08-26,ICU,Flex5,8,35,08:00,16:00
N026,2025-08-26,ICU,Night,12,35,20:00,08:00
N003,2025-08-27,A,AM,8,35,07:00,15:00
N030,2025-08-27,A,AM,8,35,07:00,15:00
N002,2025-08-27,A,Flex1,4,35,11:00,15:00
N014,2025-08-27,A,Flex1,4,35,10:00,14:00
N038,2025-08-27,A,Flex1,4,35,11:00,15:00
N016,2025-08-27,A,Flex3,6,35,07:00,13:00
N017,2025-08-27,A,Night,12,35,20:00,08:00
N003,2025-08-27,A,PM,8,35,15:00,23:00
N029,2025-08-27,B,Flex1,4,35,07:00,11:00
N033,2025-08-27,B,Flex1,4,35,14:00,18:00
N036,2025-08-27,B,Flex1,4,35,09:00,13:00
N038,2025-08-27,B,Flex1,4,35,14:00,18:00
N006,2025-08-27,B,Flex2,5,35,12:00,17:00
N022,2025-08-27,B,Flex2,5,35,12:00,17:00
N020,2025-08-27,B,Flex3,6,35,11:00,17:00
N022,2025-08-27,B,Flex3,6,35,12:00,18:00
N033,2025-08-27,B,Flex3,6,35,11:00,17:00
N020,2025-08-27,B,Flex6,12,35,07:00,19:00
N030,2025-08-27,C,Flex2,5,35,09:00,14:00
N040,2025-08-27,C,Flex2,5,35,11:00,16:00
N006,2025-08-27,C,Night,12,35,20:00,08:00
N025,2025-08-27,ICU,AM,8,35,07:00,15:00
N035,2025-08-27,ICU,Flex2,5,35,10:00,15:00
N007,2025-08-27,ICU,Flex3,6,35,08:00,14:00
N015,2025-08-27,ICU,Flex3,6,35,10:00,16:00
N030,2025-08-27,ICU,Flex3,6,35,10:00,16:00
N015,2025-08-27,ICU,Flex5,8,35,08:00,16:00
N017,2025-08-27,ICU,Flex6,12,35,07:00,19:00
N019,2025-08-27,ICU,Flex6,12,35,07:00,19:00
N023,2025-08-27,ICU,Flex6,12,35,07:00,19:00
N035,2025-08-27,ICU,Flex6,12,35,07:00,19:00
N012,2025-08-27,ICU,Night,12,35,20:00,08:00
N026,2025-08-27,ICU,Night,12,35,20:00,08:00
N011,2025-08-27,ICU,PM,8,35,15:00,23:00
N018,2025-08-28,A,AM,8,35,07:00,15:00
N012,2025-08-28,A,Flex3,6,35,07:00,13:00
N005,2025-08-28,A,Flex4,7,35,12:00,19:00
N033,2025-08-28,A,Flex5,8,35,09:00,17:00
N018,2025-08-28,A,Night,12,35,20:00,08:00
N011,2025-08-28,A,PM,8,35,15:00,23:00
N004,2025-08-28,B,AM,8,35,07:00,15:00
N001,2025-08-28,B,Flex2,5,35,11:00,16:00
N021,2025-08-28,B,Flex2,5,35,08:00,13:00
N025,2025-08-28,B,Flex2,5,35,12:00,17:00
N016,2025-08-28,B,Flex4,7,35,12:00,19:00
N006,2025-08-28,B,Flex5,8,35,09:00,17:00
N040,2025-08-28,C,AM,8,35,07:00,15:00
N007,2025-08-28,C,Flex2,5,35,09:00,14:00
N010,2025-08-28,C,Flex3,6,35,10:00,16:00
N004,2025-08-28,C,Flex4,7,35,12:00,19:00
N008,2025-08-28,C,Flex5,8,35,08:00,16:00
N005,2025-08-28,C,Flex6,12,35,07:00,19:00
N021,2025-08-28,C,Flex6,12,35,07:00,19:00
N038,2025-08-28,C,Night,12,35,20:00,08:00
N010,2025-08-28,C,PM,8,35,15:00,23:00
N023,2025-08-28,ICU,Flex2,5,35,10:00,15:00
N040,2025-08-28,ICU,Flex2,5,35,10:00,15:00
N014,2025-08-28,ICU,Flex4,7,35,12:00,19:00
N014,2025-08-28,ICU,Flex5,8,35,09:00,17:00
N037,2025-08-28,ICU,Flex5,8,35,10:00,18:00
N003,2025-08-28,ICU,Flex6,12,35,07:00,19:00
N012,2025-08-28,ICU,Flex6,12,35,07:00,19:00
N016,2025-08-28,ICU,Flex6,12,35,07:00,19:00
N018,2025-08-28,ICU,Flex6,12,35,07:00,19:00
N013,2025-08-28,ICU,PM,8,35,15:00,23:00
N026,2025-08-28,ICU,PM,8,35,15:00,23:00
N024,2025-08-29,A,Flex1,4,35,10:00,14:00
N031,2025-08-29,A,Flex1,4,35,09:00,13:00
N027,2025-08-29,A,Flex2,5,35,09:00,14:00
N031,2025-08-29,A,Flex3,6,35,08:00,14:00
N035,2025-08-29,A,Flex4,7,35,12:00,19:00
N017,2025-08-29,A,Flex6,12,35,07:00,19:00
N021,2025-08-29,A,Flex6,12,35,07:00,19:00
N024,2025-08-29,A,Flex6,12,35,07:00,19:00
N039,2025-08-29,B,AM,8,35,07:00,15:00
N013,2025-08-29,B,Flex1,4,35,12:00,16:00
N036,2025-08-29,B,Flex1,4,35,08:00,12:00
N024,2025-08-29,B,Flex2,5,35,10:00,15:00
N002,2025-08-29,B,Flex3,6,35,07:00,13:00
N004,2025-08-29,B,Flex3,6,35,12:00,18:00
N040,2025-08-29,B,Flex4,7,35,12:00,19:00
N012,2025-08-29,B,Flex5,8,35,10:00,18:00
N020,2025-08-29,B,Flex5,8,35,10:00,18:00
N036,2025-08-29,B,Flex5,8,35,07:00,15:00
N023,2025-08-29,B,PM,8,35,15:00,23:00
N034,2025-08-29,C,AM,8,35,07:00,15:00
N035,2025-08-29,C,Flex3,6,35,10:00,16:00
N011,2025-08-29,C,Night,12,35,20:00,08:00
N002,2025-08-29,ICU,AM,8,35,07:00,15:00
N027,2025-08-29,ICU,AM,8,35,07:00,15:00
N037,2025-08-29,ICU,AM,8,35,07:00,15:00
N019,2025-08-29,ICU,Flex3,6,35,12:00,18:00
N019,2025-08-29,ICU,Flex4,7,35,12:00,19:00
N021,2025-08-29,ICU,Flex4,7,35,12:00,19:00
N012,2025-08-29,ICU,Flex5,8,35,08:00,16:00
N028,2025-08-29,ICU,Flex6,12,35,07:00,19:00
N029,2025-08-30,A,Flex1,4,35,08:00,12:00
N019,2025-08-30,A,Flex2,5,35,09:00,14:00
N025,2025-08-30,A,Flex6,12,35,07:00,19:00
N029,2025-08-30,A,Night,12,35,20:00,08:00
N009,2025-08-30,A,PM,8,35,15:00,23:00
N014,2025-08-30,A,PM,8,35,15:00,23:00
N020,2025-08-30,A,PM,8,35,15:00,23:00
N007,2025-08-30,B,AM,8,35,07:00,15:00
N009,2025-08-30,B,AM,8,35,07:00,15:00
N022,2025-08-30,B,AM,8,35,07:00,15:00
N028,2025-08-30,B,Flex3,6,35,12:00,18:00
N029,2025-08-30,B,Flex4,7,35,12:00,19:00
N034,2025-08-30,B,Flex4,7,35,12:00,19:00
N002,2025-08-30,B,Flex5,8,35,07:00,15:00
N030,2025-08-30,B,Flex5,8,35,07:00,15:00
N031,2025-08-30,B,Night,12,35,20:00,08:00
N030,2025-08-30,C,Flex2,5,35,10:00,15:00
N037,2025-08-30,C,Flex3,6,35,09:00,15:00
N023,2025-08-30,C,Flex4,7,35,12:00,19:00
N026,2025-08-30,C,Flex6,12,35,07:00,19:00
N036,2025-08-30,C,Flex6,12,35,07:00,19:00
N003,2025-08-30,C,Night,12,35,20:00,08:00
N034,2025-08-30,C,Night,12,35,20:00,08:00
N035,2025-08-30,ICU,Flex5,8,35,07:00,15:00
N039,2025-08-30,ICU,Flex5,8,35,08:00,16:00
N002,2025-08-30,ICU,PM,8,35,15:00,23:00
N001,2025-08-31,A,AM,8,35,07:00,15:00
N009,2025-08-31,A,AM,8,35,07:00,15:00
N001,2025-08-31,A,Flex1,4,35,14:00,18:00
N026,2025-08-31,A,Flex1,4,35,12:00,16:00
N004,2025-08-31,A,Flex5,8,35,10:00,18:00
N036,2025-08-31,A,Flex5,8,35,08:00,16:00
N015,2025-08-31,A,Flex6,12,35,07:00,19:00
N005,2025-08-31,B,Flex2,5,35,08:00,13:00
N006,2025-08-31,B,Flex3,6,35,08:00,14:00
N029,2025-08-31,B,Flex5,8,35,07:00,15:00
N009,2025-08-31,B,Flex6,12,35,07:00,19:00
N028,2025-08-31,B,Night,12,35,20:00,08:00
N027,2025-08-31,B,PM,8,35,15:00,23:00
N026,2025-08-31,C,AM,8,35,07:00,15:00
N011,2025-08-31,C,Flex3,6,35,12:00,18:00
N008,2025-08-31,C,Flex5,8,35,08:00,16:00
N032,2025-08-31,C,Flex6,12,35,07:00,19:00
N008,2025-08-31,C,PM,8,35,15:00,23:00
N033,2025-08-31,ICU,Flex6,12,35,07:00,19:00
N013,2025-08-31,ICU,PM,8,35,15:00,23:00
N005,2025-09-01,A,AM,8,36,07:00,15:00
N010,2025-09-01,A,AM,8,36,07:00,15:00
N020,2025-09-01,A,Flex2,5,36,07:00,12:00
N003,2025-09-01,A,Flex3,6,36,10:00,16:00
N015,2025-09-01,A,Night,12,36,20:00,08:00
N024,2025-09-01,A,Night,12,36,20:00,08:00
N029,2025-09-01,B,Flex1,4,36,08:00,12:00
N040,2025-09-01,B,Flex2,5,36,08:00,13:00
N005,2025-09-01,B,Flex5,8,36,10:00,18:00
N040,2025-09-01,B,PM,8,36,15:00,23:00
N015,2025-09-01,C,AM,8,36,07:00,15:00
N036,2025-09-01,C,Flex1,4,36,07:00,11:00
N001,2025-09-01,C,Flex2,5,36,09:00,14:00
N032,2025-09-01,C,Flex2,5,36,12:00,17:00
N036,2025-09-01,C,Flex4,7,36,12:00,19:00
N032,2025-09-01,C,Flex6,12,36,07:00,19:00
N001,2025-09-01,C,Night,12,36,20:00,08:00
N010,2025-09-01,C,Night,12,36,20:00,08:00
N009,2025-09-01,ICU,Flex2,5,36,11:00,16:00
N006,2025-09-01,ICU,Flex5,8,36,09:00,17:00
N014,2025-09-01,ICU,Flex6,12,36,07:00,19:00
N008,2025-09-02,A,AM,8,36,07:00,15:00
N017,2025-09-02,A,Flex1,4,36,13:00,17:00
N031,2025-09-02,A,Flex3,6,36,08:00,14:00
N005,2025-09-02,A,Flex4,7,36,12:00,19:00
N002,2025-09-02,A,Flex6,12,36,07:00,19:00
N037,2025-09-02,A,Night,12,36,20:00,08:00
N012,2025-09-02,B,AM,8,36,07:00,15:00
N020,2025-09-02,B,Flex1,4,36,14:00,18:00
N039,2025-09-02,B,Flex1,4,36,13:00,17:00
N019,2025-09-02,B,Flex3,6,36,08:00,14:00
N033,2025-09-02,B,Flex3,6,36,07:00,13:00
N012,2025-09-02,B,Flex4,7,36,12:00,19:00
N027,2025-09-02,B,Flex4,7,36,12:00,19:00
N031,2025-09-02,B,Flex4,7,36,12:00,19:00
N010,2025-09-02,B,Flex5,8,36,08:00,16:00
N038,2025-09-02,B,Flex5,8,36,08:00,16:00
N014,2025-09-02,B,Flex6,12,36,07:00,19:00
N028,2025-09-02,B,PM,8,36,15:00,23:00
N007,2025-09-02,C,AM,8,36,07:00,15:00
N035,2025-09-02,C,Flex3,6,36,12:00,18:00
N002,2025-09-02,C,Flex4,7,36,12:00,19:00
N032,2025-09-02,C,Flex4,7,36,12:00,19:00
N002,2025-09-02,C,Night,12,36,20:00,08:00
N034,2025-09-02,C,Night,12,36,20:00,08:00
N009,2025-09-02,ICU,AM,8,36,07:00,15:00
N013,2025-09-02,ICU,Flex1,4,36,12:00,16:00
N004,2025-09-02,ICU,Flex4,7,36,12:00,19:00
N010,2025-09-02,ICU,Flex4,7,36,12:00,19:00
N030,2025-09-02,ICU,Flex4,7,36,12:00,19:00
N014,2025-09-03,A,AM,8,36,07:00,15:00
N037,2025-09-03,A,AM,8,36,07:00,15:00
N039,2025-09-03,A,AM,8,36,07:00,15:00
N026,2025-09-03,A,Flex1,4,36,09:00,13:00
N016,2025-09-03,A,Flex4,7,36,12:00,19:00
N010,2025-09-03,A,Flex5,8,36,08:00,16:00
N034,2025-09-03,A,Night,12,36,20:00,08:00
N013,2025-09-03,A,PM,8,36,15:00,23:00
N019,2025-09-03,B,AM,8,36,07:00,15:00
N011,2025-09-03,B,Flex1,4,36,11:00,15:00
N018,2025-09-03,B,Flex2,5,36,08:00,13:00
N031,2025-09-03,B,Flex4,7,36,12:00,19:00
N030,2025-09-03,B,Flex5,8,36,09:00,17:00
N025,2025-09-03,B,Night,12,36,20:00,08:00
N028,2025-09-03,B,PM,8,36,15:00,23:00
N003,2025-09-03,C,AM,8,36,07:00,15:00
N011,2025-09-03,C,Flex1,4,36,13:00,17:00
N015,2025-09-03,C,Flex1,4,36,12:00,16:00
N022,2025-09-03,C,Flex2,5,36,10:00,15:00
N038,2025-09-03,C,Flex2,5,36,13:00,18:00
N004,2025-09-03,C,Flex6,12,36,07:00,19:00
N029,2025-09-03,C,Flex6,12,36,07:00,19:00
N002,2025-09-03,C,Night,12,36,20:00,08:00
N005,2025-09-03,C,PM,8,36,15:00,23:00
N019,2025-09-03,ICU,AM,8,36,07:00,15:00
N021,2025-09-03,ICU,AM,8,36,07:00,15:00
N024,2025-09-03,ICU,Flex1,4,36,11:00,15:00
N030,2025-09-03,ICU,Flex2,5,36,13:00,18:00
N038,2025-09-03,ICU,Flex3,6,36,09:00,15:00
N008,2025-09-03,ICU,Flex5,8,36,10:00,18:00
N020,2025-09-04,A,AM,8,36,07:00,15:00
N018,2025-09-04,A,Flex1,4,36,11:00,15:00
N032,2025-09-04,A,Flex2,5,36,07:00,12:00
N017,2025-09-04,A,Flex5,8,36,08:00,16:00
N022,2025-09-04,A,Flex6,12,36,07:00,19:00
N026,2025-09-04,A,Night,12,36,20:00,08:00
N038,2025-09-04,A,PM,8,36,15:00,23:00
N009,2025-09-04,B,AM,8,36,07:00,15:00
N017,2025-09-04,B,AM,8,36,07:00,15:00
N018,2025-09-04,B,Flex1,4,36,14:00,18:00
N007,2025-09-04,B,Flex2,5,36,09:00,14:00
N006,2025-09-04,B,Flex3,6,36,11:00,17:00
N025,2025-09-04,B,Flex3,6,36,08:00,14:00
N036,2025-09-04,C,Flex1,4,36,10:00,14:00
N025,2025-09-04,C,Flex2,5,36,11:00,16:00
N001,2025-09-04,C,Flex3,6,36,12:00,18:00
N009,2025-09-04,C,Flex4,7,36,12:00,19:00
N039,2025-09-04,C,Night,12,36,20:00,08:00
N027,2025-09-04,C,PM,8,36,15:00,23:00
N030,2025-09-04,ICU,Flex1,4,36,12:00,16:00
N025,2025-09-04,ICU,Flex3,6,36,10:00,16:00
N016,2025-09-04,ICU,Flex4,7,36,12:00,19:00
N021,2025-09-04,ICU,Flex4,7,36,12:00,19:00
N013,2025-09-04,ICU,PM,8,36,15:00,23:00
N015,2025-09-04,ICU,PM,8,36,15:00,23:00
N024,2025-09-05,A,Flex1,4,36,10:00,14:00
N037,2025-09-05,A,Flex1,4,36,09:00,13:00
N030,2025-09-05,A,Flex3,6,36,12:00,18:00
N019,2025-09-05,A,Flex4,7,36,12:00,19:00
N019,2025-09-05,A,Flex5,8,36,07:00,15:00
N020,2025-09-05,A,Flex5,8,36,09:00,17:00
N025,2025-09-05,A,PM,8,36,15:00,23:00
N032,2025-09-05,A,PM,8,36,15:00,23:00
N015,2025-09-05,B,Flex1,4,36,14:00,18:00
N011,2025-09-05,B,Flex5,8,36,08:00,16:00
N017,2025-09-05,B,Night,12,36,20:00,08:00
N037,2025-09-05,B,Night,12,36,20:00,08:00
N038,2025-09-05,B,PM,8,36,15:00,23:00
N004,2025-09-05,C,AM,8,36,07:00,15:00
N013,2025-09-05,C,AM,8,36,07:00,15:00
N028,2025-09-05,C,AM,8,36,07:00,15:00
N033,2025-09-05,C,AM,8,36,07:00,15:00
N037,2025-09-05,C,AM,8,36,07:00,15:00
N008,2025-09-05,C,Flex1,4,36,14:00,18:00
N016,2025-09-05,C,Flex2,5,36,08:00,13:00
N018,2025-09-05,C,Flex2,5,36,12:00,17:00
N001,2025-09-05,C,Flex4,7,36,12:00,19:00
N016,2025-09-05,C,Flex5,8,36,09:00,17:00
N006,2025-09-05,C,Night,12,36,20:00,08:00
N012,2025-09-05,C,PM,8,36,15:00,23:00
N028,2025-09-05,ICU,Flex1,4,36,13:00,17:00
N003,2025-09-05,ICU,Flex5,8,36,09:00,17:00
N036,2025-09-05,ICU,Flex5,8,36,09:00,17:00
N033,2025-09-05,ICU,Night,12,36,20:00,08:00
N028,2025-09-06,A,Flex1,4,36,13:00,17:00
N011,2025-09-06,A,Flex2,5,36,12:00,17:00
N015,2025-09-06,A,Flex2,5,36,07:00,12:00
N028,2025-09-06,A,Flex4,7,36,12:00,19:00
N009,2025-09-06,A,Flex5,8,36,09:00,17:00
N033,2025-09-06,A,Flex6,12,36,07:00,19:00
N007,2025-09-06,B,Flex1,4,36,13:00,17:00
N005,2025-09-06,B,Flex6,12,36,07:00,19:00
N038,2025-09-06,B,Flex6,12,36,07:00,19:00
N022,2025-09-06,B,Night,12,36,20:00,08:00
N031,2025-09-06,C,AM,8,36,07:00,15:00
N016,2025-09-06,C,Night,12,36,20:00,08:00
N023,2025-09-06,C,PM,8,36,15:00,23:00
N034,2025-09-06,C,PM,8,36,15:00,23:00
N008,2025-09-06,ICU,AM,8,36,07:00,15:00
N010,2025-09-06,ICU,AM,8,36,07:00,15:00
N020,2025-09-06,ICU,AM,8,36,07:00,15:00
N015,2025-09-06,ICU,Flex1,4,36,12:00,16:00
N030,2025-09-06,ICU,Flex2,5,36,08:00,13:00
N029,2025-09-06,ICU,Flex4,7,36,12:00,19:00
N036,2025-09-06,ICU,Flex5,8,36,08:00,16:00
N004,2025-09-06,ICU,PM,8,36,15:00,23:00
N003,2025-09-07,A,Flex1,4,36,07:00,11:00
N027,2025-09-07,A,Flex2,5,36,12:00,17:00
N013,2025-09-07,A,Flex6,12,36,07:00,19:00
N016,2025-09-07,A,Flex6,12,36,07:00,19:00
N023,2025-09-07,A,Flex6,12,36,07:00,19:00
N040,2025-09-07,A,Flex6,12,36,07:00,19:00
N035,2025-09-07,A,Night,12,36,20:00,08:00
N039,2025-09-07,A,Night,12,36,20:00,08:00
N028,2025-09-07,B,Flex1,4,36,12:00,16:00
N024,2025-09-07,B,Flex6,12,36,07:00,19:00
N025,2025-09-07,B,Flex6,12,36,07:00,19:00
N036,2025-09-07,C,AM,8,36,07:00,15:00
N001,2025-09-07,C,Flex1,4,36,14:00,18:00
N007,2025-09-07,C,Flex1,4,36,13:00,17:00
N032,2025-09-07,C,Flex3,6,36,09:00,15:00
N024,2025-09-07,C,Flex6,12,36,07:00,19:00
N040,2025-09-07,C,Night,12,36,20:00,08:00
N018,2025-09-07,C,PM,8,36,15:00,23:00
N023,2025-09-07,ICU,AM,8,36,07:00,15:00
N027,2025-09-07,ICU,AM,8,36,07:00,15:00
N013,2025-09-07,ICU,Flex1,4,36,14:00,18:00
N018,2025-09-07,ICU,Flex3,6,36,10:00,16:00
N008,2025-09-07,ICU,Flex6,12,36,07:00,19:00
